Sample.name,Sample_ID,nm,FF,Freezing.temperature,Particle.ratio,nM_corrected,Control,Filtered,Dilution.factor,Location,Size,Sample
Milliq_S2_b5,Milliq_S2_b5,146.67,0.1,-19.76,1.0,146.67,Yes,Yes,1.0,Site2,b_5_m,S2
Milliq_S2_b5,Milliq_S2_b5,649.08,0.39,-23.59,1.0,649.08,Yes,Yes,1.0,Site2,b_5_m,S2
Milliq_S2_b5,Milliq_S2_b5,1964.41,0.77,-26.34,1.0,1964.41,Yes,Yes,1.0,Site2,b_5_m,S2
Milliq_S2_b5,Milliq_S2_b5,162.26,0.11,-19.93,1.0,162.26,Yes,Yes,1.0,Site2,b_5_m,S2
Milliq_S2_b5,Milliq_S2_b5,42.33,0.03,-16.85,1.0,42.33,Yes,Yes,1.0,Site2,b_5_m,S2
Milliq_S2_b5,Milliq_S2_b5,980.94,0.52,-24.62,1.0,980.94,Yes,Yes,1.0,Site2,b_5_m,S2
Milliq_S2_b5,Milliq_S2_b5,604.63,0.36,-23.26,1.0,604.63,Yes,Yes,1.0,Site2,b_5_m,S2
Milliq_S2_b5,Milliq_S2_b5,499.59,0.31,-22.71,1.0,499.59,Yes,Yes,1.0,Site2,b_5_m,S2
Milliq_S2_b5,Milliq_S2_b5,71.32,0.05,-17.19,1.0,71.32,Yes,Yes,1.0,Site2,b_5_m,S2
Milliq_S2_b5,Milliq_S2_b5,178.04,0.13,-19.94,1.0,178.04,Yes,Yes,1.0,Site2,b_5_m,S2
Milliq_S2_b5,Milliq_S2_b5,294.06,0.2,-21.38,1.0,294.06,Yes,Yes,1.0,Site2,b_5_m,S2
Milliq_S2_b5,Milliq_S2_b5,2888.6,0.89,-27.8,1.0,2888.6,Yes,Yes,1.0,Site2,b_5_m,S2
Milliq_S2_b5,Milliq_S2_b5,479.54,0.3,-22.29,1.0,479.54,Yes,Yes,1.0,Site2,b_5_m,S2
Milliq_S2_b5,Milliq_S2_b5,519.95,0.32,-22.78,1.0,519.95,Yes,Yes,1.0,Site2,b_5_m,S2
Milliq_S2_b5,Milliq_S2_b5,243.1,0.17,-20.56,1.0,243.1,Yes,Yes,1.0,Site2,b_5_m,S2
Milliq_S2_b5,Milliq_S2_b5,1040.21,0.54,-24.87,1.0,1040.21,Yes,Yes,1.0,Site2,b_5_m,S2
Milliq_S2_b5,Milliq_S2_b5,329.15,0.22,-21.48,1.0,329.15,Yes,Yes,1.0,Site2,b_5_m,S2
Milliq_S2_b5,Milliq_S2_b5,194.01,0.14,-20.23,1.0,194.01,Yes,Yes,1.0,Site2,b_5_m,S2
Milliq_S2_b5,Milliq_S2_b5,421.14,0.27,-22.03,1.0,421.14,Yes,Yes,1.0,Site2,b_5_m,S2
Milliq_S2_b5,Milliq_S2_b5,2665.87,0.86,-27.64,1.0,2665.87,Yes,Yes,1.0,Site2,b_5_m,S2
Milliq_S2_b5,Milliq_S2_b5,869.77,0.48,-24.37,1.0,869.77,Yes,Yes,1.0,Site2,b_5_m,S2
Milliq_S2_b5,Milliq_S2_b5,1905.14,0.76,-26.32,1.0,1905.14,Yes,Yes,1.0,Site2,b_5_m,S2
Milliq_S2_b5,Milliq_S2_b5,3015.68,0.9,-28.09,1.0,3015.68,Yes,Yes,1.0,Site2,b_5_m,S2
Milliq_S2_b5,Milliq_S2_b5,1271.24,0.61,-25.38,1.0,1271.24,Yes,Yes,1.0,Site2,b_5_m,S2
Milliq_S2_b5,Milliq_S2_b5,56.75,0.04,-16.91,1.0,56.75,Yes,Yes,1.0,Site2,b_5_m,S2
Milliq_S2_b5,Milliq_S2_b5,13.96,0.01,-14.88,1.0,13.96,Yes,Yes,1.0,Site2,b_5_m,S2
Milliq_S2_b5,Milliq_S2_b5,2389.01,0.83,-27.19,1.0,2389.01,Yes,Yes,1.0,Site2,b_5_m,S2
Milliq_S2_b5,Milliq_S2_b5,1464.82,0.67,-25.57,1.0,1464.82,Yes,Yes,1.0,Site2,b_5_m,S2
Milliq_S2_b5,Milliq_S2_b5,4620.98,0.97,-29.6,1.0,4620.98,Yes,Yes,1.0,Site2,b_5_m,S2
Milliq_S2_b5,Milliq_S2_b5,561.62,0.34,-23.02,1.0,561.62,Yes,Yes,1.0,Site2,b_5_m,S2
Milliq_S2_b5,Milliq_S2_b5,1642.86,0.71,-26.03,1.0,1642.86,Yes,Yes,1.0,Site2,b_5_m,S2
Milliq_S2_b5,Milliq_S2_b5,1102.24,0.56,-24.96,1.0,1102.24,Yes,Yes,1.0,Site2,b_5_m,S2
Milliq_S2_b5,Milliq_S2_b5,5161.6,0.98,-29.87,1.0,5161.6,Yes,Yes,1.0,Site2,b_5_m,S2
Milliq_S2_b5,Milliq_S2_b5,626.67,0.38,-23.52,1.0,626.67,Yes,Yes,1.0,Site2,b_5_m,S2
Milliq_S2_b5,Milliq_S2_b5,3491.25,0.93,-28.4,1.0,3491.25,Yes,Yes,1.0,Site2,b_5_m,S2
Milliq_S2_b5,Milliq_S2_b5,1010.25,0.53,-24.82,1.0,1010.25,Yes,Yes,1.0,Site2,b_5_m,S2
Milliq_S2_b5,Milliq_S2_b5,671.87,0.4,-23.76,1.0,671.87,Yes,Yes,1.0,Site2,b_5_m,S2
Milliq_S2_b5,Milliq_S2_b5,3313.21,0.92,-28.29,1.0,3313.21,Yes,Yes,1.0,Site2,b_5_m,S2
Milliq_S2_b5,Milliq_S2_b5,792.08,0.45,-23.89,1.0,792.08,Yes,Yes,1.0,Site2,b_5_m,S2
Milliq_S2_b5,Milliq_S2_b5,1070.86,0.55,-24.94,1.0,1070.86,Yes,Yes,1.0,Site2,b_5_m,S2
Milliq_S2_b5,Milliq_S2_b5,2308.18,0.82,-27.0,1.0,2308.18,Yes,Yes,1.0,Site2,b_5_m,S2
Milliq_S2_b5,Milliq_S2_b5,86.05,0.06,-17.48,1.0,86.05,Yes,Yes,1.0,Site2,b_5_m,S2
Milliq_S2_b5,Milliq_S2_b5,28.07,0.02,-15.04,1.0,28.07,Yes,Yes,1.0,Site2,b_5_m,S2
Milliq_S2_b5,Milliq_S2_b5,210.17,0.15,-20.3,1.0,210.17,Yes,Yes,1.0,Site2,b_5_m,S2
Milliq_S2_b5,Milliq_S2_b5,226.53,0.16,-20.39,1.0,226.53,Yes,Yes,1.0,Site2,b_5_m,S2
Milliq_S2_b5,Milliq_S2_b5,1345.33,0.64,-25.52,1.0,1345.33,Yes,Yes,1.0,Site2,b_5_m,S2
Milliq_S2_b5,Milliq_S2_b5,2159.88,0.8,-26.52,1.0,2159.88,Yes,Yes,1.0,Site2,b_5_m,S2
Milliq_S2_b5,Milliq_S2_b5,2091.49,0.79,-26.52,1.0,2091.49,Yes,Yes,1.0,Site2,b_5_m,S2
Milliq_S2_b5,Milliq_S2_b5,2475.06,0.84,-27.26,1.0,2475.06,Yes,Yes,1.0,Site2,b_5_m,S2
Milliq_S2_b5,Milliq_S2_b5,817.47,0.46,-24.2,1.0,817.47,Yes,Yes,1.0,Site2,b_5_m,S2
Milliq_S2_b5,Milliq_S2_b5,1848.39,0.75,-26.09,1.0,1848.39,Yes,Yes,1.0,Site2,b_5_m,S2
Milliq_S2_b5,Milliq_S2_b5,2567.05,0.85,-27.63,1.0,2567.05,Yes,Yes,1.0,Site2,b_5_m,S2
Milliq_S2_b5,Milliq_S2_b5,924.2,0.5,-24.45,1.0,924.2,Yes,Yes,1.0,Site2,b_5_m,S2
Milliq_S2_b5,Milliq_S2_b5,540.62,0.33,-22.79,1.0,540.62,Yes,Yes,1.0,Site2,b_5_m,S2
Milliq_S2_b5,Milliq_S2_b5,311.49,0.21,-21.43,1.0,311.49,Yes,Yes,1.0,Site2,b_5_m,S2
Milliq_S2_b5,Milliq_S2_b5,2231.97,0.81,-26.75,1.0,2231.97,Yes,Yes,1.0,Site2,b_5_m,S2
Milliq_S2_b5,Milliq_S2_b5,2026.43,0.78,-26.34,1.0,2026.43,Yes,Yes,1.0,Site2,b_5_m,S2
Milliq_S2_b5,Milliq_S2_b5,1793.96,0.74,-26.08,1.0,1793.96,Yes,Yes,1.0,Site2,b_5_m,S2
Milliq_S2_b5,Milliq_S2_b5,1201.05,0.59,-25.04,1.0,1201.05,Yes,Yes,1.0,Site2,b_5_m,S2
Milliq_S2_b5,Milliq_S2_b5,4237.41,0.96,-29.47,1.0,4237.41,Yes,Yes,1.0,Site2,b_5_m,S2
Milliq_S2_b5,Milliq_S2_b5,365.18,0.24,-21.55,1.0,365.18,Yes,Yes,1.0,Site2,b_5_m,S2
Milliq_S2_b5,Milliq_S2_b5,1134.37,0.57,-24.96,1.0,1134.37,Yes,Yes,1.0,Site2,b_5_m,S2
Milliq_S2_b5,Milliq_S2_b5,2772.59,0.88,-27.74,1.0,2772.59,Yes,Yes,1.0,Site2,b_5_m,S2
Milliq_S2_b5,Milliq_S2_b5,896.7,0.49,-24.44,1.0,896.7,Yes,Yes,1.0,Site2,b_5_m,S2
Milliq_S2_b5,Milliq_S2_b5,259.87,0.18,-20.91,1.0,259.87,Yes,Yes,1.0,Site2,b_5_m,S2
Milliq_S2_b5,Milliq_S2_b5,383.58,0.25,-21.59,1.0,383.58,Yes,Yes,1.0,Site2,b_5_m,S2
Milliq_S2_b5,Milliq_S2_b5,952.27,0.51,-24.47,1.0,952.27,Yes,Yes,1.0,Site2,b_5_m,S2
Milliq_S2_b5,Milliq_S2_b5,402.22,0.26,-21.72,1.0,402.22,Yes,Yes,1.0,Site2,b_5_m,S2
Milliq_S2_b5,Milliq_S2_b5,116.02,0.08,-18.49,1.0,116.02,Yes,Yes,1.0,Site2,b_5_m,S2
Milliq_S2_b5,Milliq_S2_b5,695.06,0.41,-23.77,1.0,695.06,Yes,Yes,1.0,Site2,b_5_m,S2
Milliq_S2_b5,Milliq_S2_b5,1383.98,0.65,-25.55,1.0,1383.98,Yes,Yes,1.0,Site2,b_5_m,S2
Milliq_S2_b5,Milliq_S2_b5,347.04,0.23,-21.52,1.0,347.04,Yes,Yes,1.0,Site2,b_5_m,S2
Milliq_S2_b5,Milliq_S2_b5,1423.79,0.66,-25.57,1.0,1423.79,Yes,Yes,1.0,Site2,b_5_m,S2
Milliq_S2_b5,Milliq_S2_b5,6085.8,0.99,-29.95,1.0,6085.8,Yes,Yes,1.0,Site2,b_5_m,S2
Milliq_S2_b5,Milliq_S2_b5,1235.68,0.6,-25.17,1.0,1235.68,Yes,Yes,1.0,Site2,b_5_m,S2
Milliq_S2_b5,Milliq_S2_b5,1167.29,0.58,-25.04,1.0,1167.29,Yes,Yes,1.0,Site2,b_5_m,S2
Milliq_S2_b5,Milliq_S2_b5,1741.67,0.73,-26.05,1.0,1741.67,Yes,Yes,1.0,Site2,b_5_m,S2
Milliq_S2_b5,Milliq_S2_b5,3939.88,0.95,-29.15,1.0,3939.88,Yes,Yes,1.0,Site2,b_5_m,S2
Milliq_S2_b5,Milliq_S2_b5,843.36,0.47,-24.22,1.0,843.36,Yes,Yes,1.0,Site2,b_5_m,S2
Milliq_S2_b5,Milliq_S2_b5,582.95,0.35,-23.18,1.0,582.95,Yes,Yes,1.0,Site2,b_5_m,S2
Milliq_S2_b5,Milliq_S2_b5,1596.07,0.7,-26.01,1.0,1596.07,Yes,Yes,1.0,Site2,b_5_m,S2
Milliq_S2_b5,Milliq_S2_b5,276.85,0.19,-21.1,1.0,276.85,Yes,Yes,1.0,Site2,b_5_m,S2
Milliq_S2_b5,Milliq_S2_b5,1307.77,0.63,-25.43,1.0,1307.77,Yes,Yes,1.0,Site2,b_5_m,S2
Milliq_S2_b5,Milliq_S2_b5,1550.87,0.69,-25.81,1.0,1550.87,Yes,Yes,1.0,Site2,b_5_m,S2
Milliq_S2_b5,Milliq_S2_b5,3156.16,0.91,-28.19,1.0,3156.16,Yes,Yes,1.0,Site2,b_5_m,S2
Milliq_S2_b5,Milliq_S2_b5,742.69,0.43,-23.85,1.0,742.69,Yes,Yes,1.0,Site2,b_5_m,S2
Milliq_S2_b5,Milliq_S2_b5,1507.15,0.68,-25.67,1.0,1507.15,Yes,Yes,1.0,Site2,b_5_m,S2
Milliq_S2_b5,Milliq_S2_b5,,,,1.0,,Yes,Yes,1.0,Site2,b_5_m,S2
Milliq_S2_b5,Milliq_S2_b5,100.95,0.07,-18.4,1.0,100.95,Yes,Yes,1.0,Site2,b_5_m,S2
Milliq_S2_b5,Milliq_S2_b5,1691.35,0.72,-26.04,1.0,1691.35,Yes,Yes,1.0,Site2,b_5_m,S2
Milliq_S2_b5,Milliq_S2_b5,3696.78,0.94,-28.45,1.0,3696.78,Yes,Yes,1.0,Site2,b_5_m,S2
Milliq_S2_b5,Milliq_S2_b5,718.66,0.42,-23.85,1.0,718.66,Yes,Yes,1.0,Site2,b_5_m,S2
Milliq_S2_b5,Milliq_S2_b5,459.79,0.29,-22.21,1.0,459.79,Yes,Yes,1.0,Site2,b_5_m,S2
Milliq_S2_b5,Milliq_S2_b5,767.15,0.44,-23.86,1.0,767.15,Yes,Yes,1.0,Site2,b_5_m,S2
Milliq_S2_b5,Milliq_S2_b5,440.32,0.28,-22.12,1.0,440.32,Yes,Yes,1.0,Site2,b_5_m,S2
Milliq_S2_b5,Milliq_S2_b5,131.25,0.09,-19.09,1.0,131.25,Yes,Yes,1.0,Site2,b_5_m,S2
S2_b5,S2_b5,178.04,0.13,-5.37,1.0,178.04,No,,1.0,Site2,b_5_m,S2
S2_b5,S2_b5,869.77,0.48,-5.92,1.0,869.77,No,,1.0,Site2,b_5_m,S2
S2_b5,S2_b5,2231.97,0.81,-6.14,1.0,2231.97,No,,1.0,Site2,b_5_m,S2
S2_b5,S2_b5,1235.68,0.6,-5.99,1.0,1235.68,No,,1.0,Site2,b_5_m,S2
S2_b5,S2_b5,1964.41,0.77,-6.09,1.0,1964.41,No,,1.0,Site2,b_5_m,S2
S2_b5,S2_b5,2389.01,0.83,-6.14,1.0,2389.01,No,,1.0,Site2,b_5_m,S2
S2_b5,S2_b5,4237.41,0.96,-6.19,1.0,4237.41,No,,1.0,Site2,b_5_m,S2
S2_b5,S2_b5,2567.05,0.85,-6.16,1.0,2567.05,No,,1.0,Site2,b_5_m,S2
S2_b5,S2_b5,2772.59,0.88,-6.16,1.0,2772.59,No,,1.0,Site2,b_5_m,S2
S2_b5,S2_b5,1642.86,0.71,-6.08,1.0,1642.86,No,,1.0,Site2,b_5_m,S2
S2_b5,S2_b5,1307.77,0.63,-6.02,1.0,1307.77,No,,1.0,Site2,b_5_m,S2
S2_b5,S2_b5,626.67,0.38,-5.87,1.0,626.67,No,,1.0,Site2,b_5_m,S2
S2_b5,S2_b5,383.58,0.25,-5.73,1.0,383.58,No,,1.0,Site2,b_5_m,S2
S2_b5,S2_b5,459.79,0.29,-5.77,1.0,459.79,No,,1.0,Site2,b_5_m,S2
S2_b5,S2_b5,276.85,0.19,-5.63,1.0,276.85,No,,1.0,Site2,b_5_m,S2
S2_b5,S2_b5,86.05,0.06,-5.09,1.0,86.05,No,,1.0,Site2,b_5_m,S2
S2_b5,S2_b5,146.67,0.1,-5.26,1.0,146.67,No,,1.0,Site2,b_5_m,S2
S2_b5,S2_b5,671.87,0.4,-5.89,1.0,671.87,No,,1.0,Site2,b_5_m,S2
S2_b5,S2_b5,1040.21,0.54,-5.97,1.0,1040.21,No,,1.0,Site2,b_5_m,S2
S2_b5,S2_b5,767.15,0.44,-5.89,1.0,767.15,No,,1.0,Site2,b_5_m,S2
S2_b5,S2_b5,1383.98,0.65,-6.05,1.0,1383.98,No,,1.0,Site2,b_5_m,S2
S2_b5,S2_b5,3313.21,0.92,-6.17,1.0,3313.21,No,,1.0,Site2,b_5_m,S2
S2_b5,S2_b5,3015.68,0.9,-6.17,1.0,3015.68,No,,1.0,Site2,b_5_m,S2
S2_b5,S2_b5,,,,1.0,,No,,1.0,Site2,b_5_m,S2
S2_b5,S2_b5,2091.49,0.79,-6.1,1.0,2091.49,No,,1.0,Site2,b_5_m,S2
S2_b5,S2_b5,1550.87,0.69,-6.08,1.0,1550.87,No,,1.0,Site2,b_5_m,S2
S2_b5,S2_b5,817.47,0.46,-5.92,1.0,817.47,No,,1.0,Site2,b_5_m,S2
S2_b5,S2_b5,499.59,0.31,-5.78,1.0,499.59,No,,1.0,Site2,b_5_m,S2
S2_b5,S2_b5,347.04,0.23,-5.71,1.0,347.04,No,,1.0,Site2,b_5_m,S2
S2_b5,S2_b5,421.14,0.27,-5.74,1.0,421.14,No,,1.0,Site2,b_5_m,S2
S2_b5,S2_b5,243.1,0.17,-5.61,1.0,243.1,No,,1.0,Site2,b_5_m,S2
S2_b5,S2_b5,56.75,0.04,-5.07,1.0,56.75,No,,1.0,Site2,b_5_m,S2
S2_b5,S2_b5,116.02,0.08,-5.2,1.0,116.02,No,,1.0,Site2,b_5_m,S2
S2_b5,S2_b5,540.62,0.33,-5.79,1.0,540.62,No,,1.0,Site2,b_5_m,S2
S2_b5,S2_b5,1167.29,0.58,-5.99,1.0,1167.29,No,,1.0,Site2,b_5_m,S2
S2_b5,S2_b5,1464.82,0.67,-6.07,1.0,1464.82,No,,1.0,Site2,b_5_m,S2
S2_b5,S2_b5,1848.39,0.75,-6.09,1.0,1848.39,No,,1.0,Site2,b_5_m,S2
S2_b5,S2_b5,5161.6,0.98,-6.2,1.0,5161.6,No,,1.0,Site2,b_5_m,S2
S2_b5,S2_b5,3696.78,0.94,-6.17,1.0,3696.78,No,,1.0,Site2,b_5_m,S2
S2_b5,S2_b5,1741.67,0.73,-6.08,1.0,1741.67,No,,1.0,Site2,b_5_m,S2
S2_b5,S2_b5,1102.24,0.56,-5.97,1.0,1102.24,No,,1.0,Site2,b_5_m,S2
S2_b5,S2_b5,980.94,0.52,-5.95,1.0,980.94,No,,1.0,Site2,b_5_m,S2
S2_b5,S2_b5,924.2,0.5,-5.93,1.0,924.2,No,,1.0,Site2,b_5_m,S2
S2_b5,S2_b5,718.66,0.42,-5.89,1.0,718.66,No,,1.0,Site2,b_5_m,S2
S2_b5,S2_b5,582.95,0.35,-5.84,1.0,582.95,No,,1.0,Site2,b_5_m,S2
S2_b5,S2_b5,311.49,0.21,-5.7,1.0,311.49,No,,1.0,Site2,b_5_m,S2
S2_b5,S2_b5,210.17,0.15,-5.56,1.0,210.17,No,,1.0,Site2,b_5_m,S2
S2_b5,S2_b5,28.07,0.02,-4.95,1.0,28.07,No,,1.0,Site2,b_5_m,S2
S2_b5_10x,S2_b5,1160.15,0.08,-5.49,1.0,1160.15,No,,10.0,Site2,b_5_m,S2
S2_b5_10x,S2_b5,5829.52,0.35,-5.94,1.0,5829.52,No,,10.0,Site2,b_5_m,S2
S2_b5_10x,S2_b5,7186.62,0.42,-5.99,1.0,7186.62,No,,10.0,Site2,b_5_m,S2
S2_b5_10x,S2_b5,12356.83,0.6,-6.1,1.0,12356.83,No,,10.0,Site2,b_5_m,S2
S2_b5_10x,S2_b5,19644.08,0.77,-6.16,1.0,19644.08,No,,10.0,Site2,b_5_m,S2
S2_b5_10x,S2_b5,36967.85,0.94,-6.26,1.0,36967.85,No,,10.0,Site2,b_5_m,S2
S2_b5_10x,S2_b5,,,,1.0,,No,,10.0,Site2,b_5_m,S2
S2_b5_10x,S2_b5,20914.88,0.79,-6.16,1.0,20914.88,No,,10.0,Site2,b_5_m,S2
S2_b5_10x,S2_b5,16428.58,0.71,-6.14,1.0,16428.58,No,,10.0,Site2,b_5_m,S2
S2_b5_10x,S2_b5,8174.73,0.46,-6.04,1.0,8174.73,No,,10.0,Site2,b_5_m,S2
S2_b5_10x,S2_b5,17416.69,0.73,-6.14,1.0,17416.69,No,,10.0,Site2,b_5_m,S2
S2_b5_10x,S2_b5,6266.72,0.38,-5.96,1.0,6266.72,No,,10.0,Site2,b_5_m,S2
S2_b5_10x,S2_b5,4211.37,0.27,-5.81,1.0,4211.37,No,,10.0,Site2,b_5_m,S2
S2_b5_10x,S2_b5,3114.86,0.21,-5.75,1.0,3114.86,No,,10.0,Site2,b_5_m,S2
S2_b5_10x,S2_b5,2101.72,0.15,-5.62,1.0,2101.72,No,,10.0,Site2,b_5_m,S2
S2_b5_10x,S2_b5,280.71,0.02,-5.1,1.0,280.71,No,,10.0,Site2,b_5_m,S2
S2_b5_10x,S2_b5,1780.42,0.13,-5.56,1.0,1780.42,No,,10.0,Site2,b_5_m,S2
S2_b5_10x,S2_b5,5406.2,0.33,-5.94,1.0,5406.2,No,,10.0,Site2,b_5_m,S2
S2_b5_10x,S2_b5,7671.52,0.44,-6.01,1.0,7671.52,No,,10.0,Site2,b_5_m,S2
S2_b5_10x,S2_b5,11022.38,0.56,-6.06,1.0,11022.38,No,,10.0,Site2,b_5_m,S2
S2_b5_10x,S2_b5,33132.09,0.92,-6.22,1.0,33132.09,No,,10.0,Site2,b_5_m,S2
S2_b5_10x,S2_b5,30156.84,0.9,-6.22,1.0,30156.84,No,,10.0,Site2,b_5_m,S2
S2_b5_10x,S2_b5,14648.16,0.67,-6.12,1.0,14648.16,No,,10.0,Site2,b_5_m,S2
S2_b5_10x,S2_b5,22319.69,0.81,-6.17,1.0,22319.69,No,,10.0,Site2,b_5_m,S2
S2_b5_10x,S2_b5,23890.13,0.83,-6.17,1.0,23890.13,No,,10.0,Site2,b_5_m,S2
S2_b5_10x,S2_b5,15508.68,0.69,-6.13,1.0,15508.68,No,,10.0,Site2,b_5_m,S2
S2_b5_10x,S2_b5,18483.92,0.75,-6.15,1.0,18483.92,No,,10.0,Site2,b_5_m,S2
S2_b5_10x,S2_b5,9809.42,0.52,-6.05,1.0,9809.42,No,,10.0,Site2,b_5_m,S2
S2_b5_10x,S2_b5,4995.91,0.31,-5.84,1.0,4995.91,No,,10.0,Site2,b_5_m,S2
S2_b5_10x,S2_b5,3835.76,0.25,-5.78,1.0,3835.76,No,,10.0,Site2,b_5_m,S2
S2_b5_10x,S2_b5,2768.52,0.19,-5.66,1.0,2768.52,No,,10.0,Site2,b_5_m,S2
S2_b5_10x,S2_b5,860.51,0.06,-5.18,1.0,860.51,No,,10.0,Site2,b_5_m,S2
S2_b5_10x,S2_b5,2430.95,0.17,-5.65,1.0,2430.95,No,,10.0,Site2,b_5_m,S2
S2_b5_10x,S2_b5,3470.44,0.23,-5.75,1.0,3470.44,No,,10.0,Site2,b_5_m,S2
S2_b5_10x,S2_b5,6718.74,0.4,-5.98,1.0,6718.74,No,,10.0,Site2,b_5_m,S2
S2_b5_10x,S2_b5,13839.84,0.65,-6.11,1.0,13839.84,No,,10.0,Site2,b_5_m,S2
S2_b5_10x,S2_b5,51616.02,0.98,-6.27,1.0,51616.02,No,,10.0,Site2,b_5_m,S2
S2_b5_10x,S2_b5,42374.05,0.96,-6.26,1.0,42374.05,No,,10.0,Site2,b_5_m,S2
S2_b5_10x,S2_b5,13077.72,0.63,-6.11,1.0,13077.72,No,,10.0,Site2,b_5_m,S2
S2_b5_10x,S2_b5,27725.89,0.88,-6.21,1.0,27725.89,No,,10.0,Site2,b_5_m,S2
S2_b5_10x,S2_b5,25670.55,0.85,-6.2,1.0,25670.55,No,,10.0,Site2,b_5_m,S2
S2_b5_10x,S2_b5,10402.11,0.54,-6.05,1.0,10402.11,No,,10.0,Site2,b_5_m,S2
S2_b5_10x,S2_b5,11672.92,0.58,-6.1,1.0,11672.92,No,,10.0,Site2,b_5_m,S2
S2_b5_10x,S2_b5,9241.96,0.5,-6.05,1.0,9241.96,No,,10.0,Site2,b_5_m,S2
S2_b5_10x,S2_b5,8697.67,0.48,-6.05,1.0,8697.67,No,,10.0,Site2,b_5_m,S2
S2_b5_10x,S2_b5,4597.87,0.29,-5.83,1.0,4597.87,No,,10.0,Site2,b_5_m,S2
S2_b5_10x,S2_b5,1466.68,0.1,-5.55,1.0,1466.68,No,,10.0,Site2,b_5_m,S2
S2_b5_10x,S2_b5,567.46,0.04,-5.14,1.0,567.46,No,,10.0,Site2,b_5_m,S2
S2_b5_100x,S2_b5,24309.54,0.17,-5.86,1.0,24309.54,No,,100.0,Site2,b_5_m,S2
S2_b5_100x,S2_b5,54062.01,0.33,-6.08,1.0,54062.01,No,,100.0,Site2,b_5_m,S2
S2_b5_100x,S2_b5,62667.15,0.38,-6.12,1.0,62667.15,No,,100.0,Site2,b_5_m,S2
S2_b5_100x,S2_b5,130777.23,0.63,-6.23,1.0,130777.23,No,,100.0,Site2,b_5_m,S2
S2_b5_100x,S2_b5,369678.5,0.94,-6.34,1.0,369678.5,No,,100.0,Site2,b_5_m,S2
S2_b5_100x,S2_b5,516160.16,0.98,-6.36,1.0,516160.16,No,,100.0,Site2,b_5_m,S2
S2_b5_100x,S2_b5,331320.89,0.92,-6.32,1.0,331320.89,No,,100.0,Site2,b_5_m,S2
S2_b5_100x,S2_b5,174166.89,0.73,-6.26,1.0,174166.89,No,,100.0,Site2,b_5_m,S2
S2_b5_100x,S2_b5,98094.24,0.52,-6.19,1.0,98094.24,No,,100.0,Site2,b_5_m,S2
S2_b5_100x,S2_b5,81747.26,0.46,-6.14,1.0,81747.26,No,,100.0,Site2,b_5_m,S2
S2_b5_100x,S2_b5,86976.69,0.48,-6.16,1.0,86976.69,No,,100.0,Site2,b_5_m,S2
S2_b5_100x,S2_b5,49959.13,0.31,-6.03,1.0,49959.13,No,,100.0,Site2,b_5_m,S2
S2_b5_100x,S2_b5,38357.61,0.25,-5.95,1.0,38357.61,No,,100.0,Site2,b_5_m,S2
S2_b5_100x,S2_b5,31148.65,0.21,-5.92,1.0,31148.65,No,,100.0,Site2,b_5_m,S2
S2_b5_100x,S2_b5,17804.19,0.13,-5.74,1.0,17804.19,No,,100.0,Site2,b_5_m,S2
S2_b5_100x,S2_b5,2807.12,0.02,-5.16,1.0,2807.12,No,,100.0,Site2,b_5_m,S2
S2_b5_100x,S2_b5,34704.41,0.23,-5.93,1.0,34704.41,No,,100.0,Site2,b_5_m,S2
S2_b5_100x,S2_b5,92419.62,0.5,-6.16,1.0,92419.62,No,,100.0,Site2,b_5_m,S2
S2_b5_100x,S2_b5,123568.27,0.6,-6.23,1.0,123568.27,No,,100.0,Site2,b_5_m,S2
S2_b5_100x,S2_b5,223196.86,0.81,-6.29,1.0,223196.86,No,,100.0,Site2,b_5_m,S2
S2_b5_100x,S2_b5,301568.41,0.9,-6.31,1.0,301568.41,No,,100.0,Site2,b_5_m,S2
S2_b5_100x,S2_b5,277258.87,0.88,-6.31,1.0,277258.87,No,,100.0,Site2,b_5_m,S2
S2_b5_100x,S2_b5,423740.5,0.96,-6.35,1.0,423740.5,No,,100.0,Site2,b_5_m,S2
S2_b5_100x,S2_b5,238901.26,0.83,-6.3,1.0,238901.26,No,,100.0,Site2,b_5_m,S2
S2_b5_100x,S2_b5,184839.25,0.75,-6.27,1.0,184839.25,No,,100.0,Site2,b_5_m,S2
S2_b5_100x,S2_b5,155086.77,0.69,-6.25,1.0,155086.77,No,,100.0,Site2,b_5_m,S2
S2_b5_100x,S2_b5,104021.14,0.54,-6.21,1.0,104021.14,No,,100.0,Site2,b_5_m,S2
S2_b5_100x,S2_b5,76715.22,0.44,-6.14,1.0,76715.22,No,,100.0,Site2,b_5_m,S2
S2_b5_100x,S2_b5,42113.73,0.27,-6.01,1.0,42113.73,No,,100.0,Site2,b_5_m,S2
S2_b5_100x,S2_b5,27685.25,0.19,-5.9,1.0,27685.25,No,,100.0,Site2,b_5_m,S2
S2_b5_100x,S2_b5,14666.79,0.1,-5.67,1.0,14666.79,No,,100.0,Site2,b_5_m,S2
S2_b5_100x,S2_b5,5674.62,0.04,-5.2,1.0,5674.62,No,,100.0,Site2,b_5_m,S2
S2_b5_100x,S2_b5,21017.19,0.15,-5.74,1.0,21017.19,No,,100.0,Site2,b_5_m,S2
S2_b5_100x,S2_b5,138398.35,0.65,-6.24,1.0,138398.35,No,,100.0,Site2,b_5_m,S2
S2_b5_100x,S2_b5,71866.2,0.42,-6.12,1.0,71866.2,No,,100.0,Site2,b_5_m,S2
S2_b5_100x,S2_b5,196440.76,0.77,-6.27,1.0,196440.76,No,,100.0,Site2,b_5_m,S2
S2_b5_100x,S2_b5,256705.45,0.85,-6.3,1.0,256705.45,No,,100.0,Site2,b_5_m,S2
S2_b5_100x,S2_b5,,,,1.0,,No,,100.0,Site2,b_5_m,S2
S2_b5_100x,S2_b5,209148.79,0.79,-6.29,1.0,209148.79,No,,100.0,Site2,b_5_m,S2
S2_b5_100x,S2_b5,146481.64,0.67,-6.25,1.0,146481.64,No,,100.0,Site2,b_5_m,S2
S2_b5_100x,S2_b5,164285.82,0.71,-6.25,1.0,164285.82,No,,100.0,Site2,b_5_m,S2
S2_b5_100x,S2_b5,67187.36,0.4,-6.12,1.0,67187.36,No,,100.0,Site2,b_5_m,S2
S2_b5_100x,S2_b5,116729.16,0.58,-6.22,1.0,116729.16,No,,100.0,Site2,b_5_m,S2
S2_b5_100x,S2_b5,110223.81,0.56,-6.21,1.0,110223.81,No,,100.0,Site2,b_5_m,S2
S2_b5_100x,S2_b5,58295.17,0.35,-6.11,1.0,58295.17,No,,100.0,Site2,b_5_m,S2
S2_b5_100x,S2_b5,45978.73,0.29,-6.01,1.0,45978.73,No,,100.0,Site2,b_5_m,S2
S2_b5_100x,S2_b5,11601.52,0.08,-5.57,1.0,11601.52,No,,100.0,Site2,b_5_m,S2
S2_b5_100x,S2_b5,8605.14,0.06,-5.32,1.0,8605.14,No,,100.0,Site2,b_5_m,S2
S2_b5_1000x,S2_b5,146667.87,0.1,-5.95,1.0,146667.87,No,,1000.0,Site2,b_5_m,S2
S2_b5_1000x,S2_b5,1167291.64,0.58,-6.48,1.0,1167291.64,No,,1000.0,Site2,b_5_m,S2
S2_b5_1000x,S2_b5,459787.32,0.29,-6.27,1.0,459787.32,No,,1000.0,Site2,b_5_m,S2
S2_b5_1000x,S2_b5,383576.1,0.25,-6.24,1.0,383576.1,No,,1000.0,Site2,b_5_m,S2
S2_b5_1000x,S2_b5,540620.14,0.33,-6.29,1.0,540620.14,No,,1000.0,Site2,b_5_m,S2
S2_b5_1000x,S2_b5,626671.51,0.38,-6.34,1.0,626671.51,No,,1000.0,Site2,b_5_m,S2
S2_b5_1000x,S2_b5,1235682.72,0.6,-6.48,1.0,1235682.72,No,,1000.0,Site2,b_5_m,S2
S2_b5_1000x,S2_b5,1307772.34,0.63,-6.48,1.0,1307772.34,No,,1000.0,Site2,b_5_m,S2
S2_b5_1000x,S2_b5,980942.38,0.52,-6.42,1.0,980942.38,No,,1000.0,Site2,b_5_m,S2
S2_b5_1000x,S2_b5,924196.24,0.5,-6.41,1.0,924196.24,No,,1000.0,Site2,b_5_m,S2
S2_b5_1000x,S2_b5,869766.92,0.48,-6.38,1.0,869766.92,No,,1000.0,Site2,b_5_m,S2
S2_b5_1000x,S2_b5,671873.57,0.4,-6.36,1.0,671873.57,No,,1000.0,Site2,b_5_m,S2
S2_b5_1000x,S2_b5,,,,1.0,,No,,1000.0,Site2,b_5_m,S2
S2_b5_1000x,S2_b5,311486.46,0.21,-6.22,1.0,311486.46,No,,1000.0,Site2,b_5_m,S2
S2_b5_1000x,S2_b5,3015684.09,0.9,-6.62,1.0,3015684.09,No,,1000.0,Site2,b_5_m,S2
S2_b5_1000x,S2_b5,28071.21,0.02,-5.57,1.0,28071.21,No,,1000.0,Site2,b_5_m,S2
S2_b5_1000x,S2_b5,116015.16,0.08,-5.8,1.0,116015.16,No,,1000.0,Site2,b_5_m,S2
S2_b5_1000x,S2_b5,499591.27,0.31,-6.27,1.0,499591.27,No,,1000.0,Site2,b_5_m,S2
S2_b5_1000x,S2_b5,347044.14,0.23,-6.24,1.0,347044.14,No,,1000.0,Site2,b_5_m,S2
S2_b5_1000x,S2_b5,817472.62,0.46,-6.38,1.0,817472.62,No,,1000.0,Site2,b_5_m,S2
S2_b5_1000x,S2_b5,1102238.1,0.56,-6.47,1.0,1102238.1,No,,1000.0,Site2,b_5_m,S2
S2_b5_1000x,S2_b5,1964407.63,0.77,-6.55,1.0,1964407.63,No,,1000.0,Site2,b_5_m,S2
S2_b5_1000x,S2_b5,2567054.51,0.85,-6.61,1.0,2567054.51,No,,1000.0,Site2,b_5_m,S2
S2_b5_1000x,S2_b5,2231968.58,0.81,-6.59,1.0,2231968.58,No,,1000.0,Site2,b_5_m,S2
S2_b5_1000x,S2_b5,582951.75,0.35,-6.33,1.0,582951.75,No,,1000.0,Site2,b_5_m,S2
S2_b5_1000x,S2_b5,1383983.54,0.65,-6.49,1.0,1383983.54,No,,1000.0,Site2,b_5_m,S2
S2_b5_1000x,S2_b5,1741668.89,0.73,-6.54,1.0,1741668.89,No,,1000.0,Site2,b_5_m,S2
S2_b5_1000x,S2_b5,2091487.91,0.79,-6.58,1.0,2091487.91,No,,1000.0,Site2,b_5_m,S2
S2_b5_1000x,S2_b5,1040211.42,0.54,-6.45,1.0,1040211.42,No,,1000.0,Site2,b_5_m,S2
S2_b5_1000x,S2_b5,276852.49,0.19,-6.2,1.0,276852.49,No,,1000.0,Site2,b_5_m,S2
S2_b5_1000x,S2_b5,243095.41,0.17,-6.12,1.0,243095.41,No,,1000.0,Site2,b_5_m,S2
S2_b5_1000x,S2_b5,56746.16,0.04,-5.58,1.0,56746.16,No,,1000.0,Site2,b_5_m,S2
S2_b5_1000x,S2_b5,86051.36,0.06,-5.66,1.0,86051.36,No,,1000.0,Site2,b_5_m,S2
S2_b5_1000x,S2_b5,1848392.48,0.75,-6.55,1.0,1848392.48,No,,1000.0,Site2,b_5_m,S2
S2_b5_1000x,S2_b5,1642858.23,0.71,-6.52,1.0,1642858.23,No,,1000.0,Site2,b_5_m,S2
S2_b5_1000x,S2_b5,3313208.92,0.92,-6.64,1.0,3313208.92,No,,1000.0,Site2,b_5_m,S2
S2_b5_1000x,S2_b5,2772588.72,0.88,-6.62,1.0,2772588.72,No,,1000.0,Site2,b_5_m,S2
S2_b5_1000x,S2_b5,767152.19,0.44,-6.37,1.0,767152.19,No,,1000.0,Site2,b_5_m,S2
S2_b5_1000x,S2_b5,5161601.56,0.98,-6.81,1.0,5161601.56,No,,1000.0,Site2,b_5_m,S2
S2_b5_1000x,S2_b5,4237405.0,0.96,-6.73,1.0,4237405.0,No,,1000.0,Site2,b_5_m,S2
S2_b5_1000x,S2_b5,718662.01,0.42,-6.37,1.0,718662.01,No,,1000.0,Site2,b_5_m,S2
S2_b5_1000x,S2_b5,1464816.4,0.67,-6.52,1.0,1464816.4,No,,1000.0,Site2,b_5_m,S2
S2_b5_1000x,S2_b5,2389012.6,0.83,-6.6,1.0,2389012.6,No,,1000.0,Site2,b_5_m,S2
S2_b5_1000x,S2_b5,3696784.96,0.94,-6.64,1.0,3696784.96,No,,1000.0,Site2,b_5_m,S2
S2_b5_1000x,S2_b5,1550867.75,0.69,-6.52,1.0,1550867.75,No,,1000.0,Site2,b_5_m,S2
S2_b5_1000x,S2_b5,421137.26,0.27,-6.27,1.0,421137.26,No,,1000.0,Site2,b_5_m,S2
S2_b5_1000x,S2_b5,210171.92,0.15,-6.07,1.0,210171.92,No,,1000.0,Site2,b_5_m,S2
S2_b5_1000x,S2_b5,178041.86,0.13,-6.03,1.0,178041.86,No,,1000.0,Site2,b_5_m,S2
S2_b5_10000x,S2_b5,13077723.37,0.63,-8.99,1.0,13077723.37,No,,10000.0,Site2,b_5_m,S2
S2_b5_10000x,S2_b5,6266715.06,0.38,-7.48,1.0,6266715.06,No,,10000.0,Site2,b_5_m,S2
S2_b5_10000x,S2_b5,3114864.63,0.21,-6.83,1.0,3114864.63,No,,10000.0,Site2,b_5_m,S2
S2_b5_10000x,S2_b5,,,,1.0,,No,,10000.0,Site2,b_5_m,S2
S2_b5_10000x,S2_b5,567461.57,0.04,-6.48,1.0,567461.57,No,,10000.0,Site2,b_5_m,S2
S2_b5_10000x,S2_b5,17416688.88,0.73,-9.47,1.0,17416688.88,No,,10000.0,Site2,b_5_m,S2
S2_b5_10000x,S2_b5,4211372.6,0.27,-7.15,1.0,4211372.6,No,,10000.0,Site2,b_5_m,S2
S2_b5_10000x,S2_b5,30156840.89,0.9,-10.49,1.0,30156840.89,No,,10000.0,Site2,b_5_m,S2
S2_b5_10000x,S2_b5,33132089.2,0.92,-10.49,1.0,33132089.2,No,,10000.0,Site2,b_5_m,S2
S2_b5_10000x,S2_b5,36967849.63,0.94,-10.6,1.0,36967849.63,No,,10000.0,Site2,b_5_m,S2
S2_b5_10000x,S2_b5,15508677.46,0.69,-9.3,1.0,15508677.46,No,,10000.0,Site2,b_5_m,S2
S2_b5_10000x,S2_b5,1466678.65,0.1,-6.63,1.0,1466678.65,No,,10000.0,Site2,b_5_m,S2
S2_b5_10000x,S2_b5,11672916.39,0.58,-8.66,1.0,11672916.39,No,,10000.0,Site2,b_5_m,S2
S2_b5_10000x,S2_b5,9809423.84,0.52,-8.12,1.0,9809423.84,No,,10000.0,Site2,b_5_m,S2
S2_b5_10000x,S2_b5,14648163.98,0.67,-9.12,1.0,14648163.98,No,,10000.0,Site2,b_5_m,S2
S2_b5_10000x,S2_b5,11022380.98,0.56,-8.58,1.0,11022380.98,No,,10000.0,Site2,b_5_m,S2
S2_b5_10000x,S2_b5,2430954.14,0.17,-6.73,1.0,2430954.14,No,,10000.0,Site2,b_5_m,S2
S2_b5_10000x,S2_b5,13839835.43,0.65,-9.11,1.0,13839835.43,No,,10000.0,Site2,b_5_m,S2
S2_b5_10000x,S2_b5,51616015.61,0.98,-10.64,1.0,51616015.61,No,,10000.0,Site2,b_5_m,S2
S2_b5_10000x,S2_b5,42374050.0,0.96,-10.62,1.0,42374050.0,No,,10000.0,Site2,b_5_m,S2
S2_b5_10000x,S2_b5,16428582.26,0.71,-9.42,1.0,16428582.26,No,,10000.0,Site2,b_5_m,S2
S2_b5_10000x,S2_b5,20914879.12,0.79,-9.96,1.0,20914879.12,No,,10000.0,Site2,b_5_m,S2
S2_b5_10000x,S2_b5,8174726.22,0.46,-7.87,1.0,8174726.22,No,,10000.0,Site2,b_5_m,S2
S2_b5_10000x,S2_b5,7186620.09,0.42,-7.55,1.0,7186620.09,No,,10000.0,Site2,b_5_m,S2
S2_b5_10000x,S2_b5,27725887.22,0.88,-10.32,1.0,27725887.22,No,,10000.0,Site2,b_5_m,S2
S2_b5_10000x,S2_b5,4597873.21,0.29,-7.22,1.0,4597873.21,No,,10000.0,Site2,b_5_m,S2
S2_b5_10000x,S2_b5,3470441.37,0.23,-6.92,1.0,3470441.37,No,,10000.0,Site2,b_5_m,S2
S2_b5_10000x,S2_b5,1780418.57,0.13,-6.67,1.0,1780418.57,No,,10000.0,Site2,b_5_m,S2
S2_b5_10000x,S2_b5,2768524.86,0.19,-6.77,1.0,2768524.86,No,,10000.0,Site2,b_5_m,S2
S2_b5_10000x,S2_b5,2101719.2,0.15,-6.71,1.0,2101719.2,No,,10000.0,Site2,b_5_m,S2
S2_b5_10000x,S2_b5,8697669.23,0.48,-7.89,1.0,8697669.23,No,,10000.0,Site2,b_5_m,S2
S2_b5_10000x,S2_b5,9241962.41,0.5,-7.99,1.0,9241962.41,No,,10000.0,Site2,b_5_m,S2
S2_b5_10000x,S2_b5,5406201.37,0.33,-7.41,1.0,5406201.37,No,,10000.0,Site2,b_5_m,S2
S2_b5_10000x,S2_b5,280712.08,0.02,-6.47,1.0,280712.08,No,,10000.0,Site2,b_5_m,S2
S2_b5_10000x,S2_b5,22319685.78,0.81,-10.17,1.0,22319685.78,No,,10000.0,Site2,b_5_m,S2
S2_b5_10000x,S2_b5,1160151.64,0.08,-6.54,1.0,1160151.64,No,,10000.0,Site2,b_5_m,S2
S2_b5_10000x,S2_b5,18483924.81,0.75,-9.69,1.0,18483924.81,No,,10000.0,Site2,b_5_m,S2
S2_b5_10000x,S2_b5,4995912.66,0.31,-7.27,1.0,4995912.66,No,,10000.0,Site2,b_5_m,S2
S2_b5_10000x,S2_b5,6718735.67,0.4,-7.53,1.0,6718735.67,No,,10000.0,Site2,b_5_m,S2
S2_b5_10000x,S2_b5,7671521.93,0.44,-7.63,1.0,7671521.93,No,,10000.0,Site2,b_5_m,S2
S2_b5_10000x,S2_b5,25670545.13,0.85,-10.28,1.0,25670545.13,No,,10000.0,Site2,b_5_m,S2
S2_b5_10000x,S2_b5,3835760.97,0.25,-7.05,1.0,3835760.97,No,,10000.0,Site2,b_5_m,S2
S2_b5_10000x,S2_b5,23890125.99,0.83,-10.22,1.0,23890125.99,No,,10000.0,Site2,b_5_m,S2
S2_b5_10000x,S2_b5,19644076.31,0.77,-9.93,1.0,19644076.31,No,,10000.0,Site2,b_5_m,S2
S2_b5_10000x,S2_b5,860513.62,0.06,-6.51,1.0,860513.62,No,,10000.0,Site2,b_5_m,S2
S2_b5_10000x,S2_b5,5829517.49,0.35,-7.41,1.0,5829517.49,No,,10000.0,Site2,b_5_m,S2
S2_b5_10000x,S2_b5,10402114.2,0.54,-8.55,1.0,10402114.2,No,,10000.0,Site2,b_5_m,S2
S2_b5_10000x,S2_b5,12356827.2,0.6,-8.84,1.0,12356827.2,No,,10000.0,Site2,b_5_m,S2
S2_b5_100000x,S2_b5,34704413.68,0.23,-10.8,1.0,34704413.68,No,,100000.0,Site2,b_5_m,S2
S2_b5_100000x,S2_b5,110223809.76,0.56,-15.06,1.0,110223809.76,No,,100000.0,Site2,b_5_m,S2
S2_b5_100000x,S2_b5,164285822.65,0.71,-18.94,1.0,164285822.65,No,,100000.0,Site2,b_5_m,S2
S2_b5_100000x,S2_b5,516160156.12,0.98,-25.98,1.0,516160156.12,No,,100000.0,Site2,b_5_m,S2
S2_b5_100000x,S2_b5,130777233.73,0.63,-17.41,1.0,130777233.73,No,,100000.0,Site2,b_5_m,S2
S2_b5_100000x,S2_b5,116729163.91,0.58,-15.14,1.0,116729163.91,No,,100000.0,Site2,b_5_m,S2
S2_b5_100000x,S2_b5,277258872.22,0.88,-23.23,1.0,277258872.22,No,,100000.0,Site2,b_5_m,S2
S2_b5_100000x,S2_b5,76715219.32,0.44,-12.36,1.0,76715219.32,No,,100000.0,Site2,b_5_m,S2
S2_b5_100000x,S2_b5,71866200.86,0.42,-11.76,1.0,71866200.86,No,,100000.0,Site2,b_5_m,S2
S2_b5_100000x,S2_b5,21017192.04,0.15,-10.52,1.0,21017192.04,No,,100000.0,Site2,b_5_m,S2
S2_b5_100000x,S2_b5,92419624.07,0.5,-12.95,1.0,92419624.07,No,,100000.0,Site2,b_5_m,S2
S2_b5_100000x,S2_b5,11601516.45,0.08,-9.68,1.0,11601516.45,No,,100000.0,Site2,b_5_m,S2
S2_b5_100000x,S2_b5,42113725.98,0.27,-10.98,1.0,42113725.98,No,,100000.0,Site2,b_5_m,S2
S2_b5_100000x,S2_b5,369678496.3,0.94,-24.89,1.0,369678496.3,No,,100000.0,Site2,b_5_m,S2
S2_b5_100000x,S2_b5,184839248.15,0.75,-19.42,1.0,184839248.15,No,,100000.0,Site2,b_5_m,S2
S2_b5_100000x,S2_b5,209148791.19,0.79,-19.54,1.0,209148791.19,No,,100000.0,Site2,b_5_m,S2
S2_b5_100000x,S2_b5,86976692.33,0.48,-12.74,1.0,86976692.33,No,,100000.0,Site2,b_5_m,S2
S2_b5_100000x,S2_b5,14666786.52,0.1,-9.94,1.0,14666786.52,No,,100000.0,Site2,b_5_m,S2
S2_b5_100000x,S2_b5,223196857.81,0.81,-20.06,1.0,223196857.81,No,,100000.0,Site2,b_5_m,S2
S2_b5_100000x,S2_b5,38357609.66,0.25,-10.94,1.0,38357609.66,No,,100000.0,Site2,b_5_m,S2
S2_b5_100000x,S2_b5,58295174.88,0.35,-11.64,1.0,58295174.88,No,,100000.0,Site2,b_5_m,S2
S2_b5_100000x,S2_b5,,,,1.0,,No,,100000.0,Site2,b_5_m,S2
S2_b5_100000x,S2_b5,81747262.23,0.46,-12.59,1.0,81747262.23,No,,100000.0,Site2,b_5_m,S2
S2_b5_100000x,S2_b5,67187356.72,0.4,-11.74,1.0,67187356.72,No,,100000.0,Site2,b_5_m,S2
S2_b5_100000x,S2_b5,138398354.33,0.65,-17.47,1.0,138398354.33,No,,100000.0,Site2,b_5_m,S2
S2_b5_100000x,S2_b5,5674615.72,0.04,-8.41,1.0,5674615.72,No,,100000.0,Site2,b_5_m,S2
S2_b5_100000x,S2_b5,196440763.14,0.77,-19.47,1.0,196440763.14,No,,100000.0,Site2,b_5_m,S2
S2_b5_100000x,S2_b5,2807120.77,0.02,-7.84,1.0,2807120.77,No,,100000.0,Site2,b_5_m,S2
S2_b5_100000x,S2_b5,123568272.02,0.6,-15.28,1.0,123568272.02,No,,100000.0,Site2,b_5_m,S2
S2_b5_100000x,S2_b5,49959126.59,0.31,-11.1,1.0,49959126.59,No,,100000.0,Site2,b_5_m,S2
S2_b5_100000x,S2_b5,17804185.68,0.13,-10.16,1.0,17804185.68,No,,100000.0,Site2,b_5_m,S2
S2_b5_100000x,S2_b5,256705451.29,0.85,-22.1,1.0,256705451.29,No,,100000.0,Site2,b_5_m,S2
S2_b5_100000x,S2_b5,104021141.98,0.54,-14.91,1.0,104021141.98,No,,100000.0,Site2,b_5_m,S2
S2_b5_100000x,S2_b5,331320891.97,0.92,-24.87,1.0,331320891.97,No,,100000.0,Site2,b_5_m,S2
S2_b5_100000x,S2_b5,174166888.77,0.73,-19.3,1.0,174166888.77,No,,100000.0,Site2,b_5_m,S2
S2_b5_100000x,S2_b5,24309541.44,0.17,-10.6,1.0,24309541.44,No,,100000.0,Site2,b_5_m,S2
S2_b5_100000x,S2_b5,45978732.13,0.29,-11.0,1.0,45978732.13,No,,100000.0,Site2,b_5_m,S2
S2_b5_100000x,S2_b5,98094238.4,0.52,-14.17,1.0,98094238.4,No,,100000.0,Site2,b_5_m,S2
S2_b5_100000x,S2_b5,54062013.75,0.33,-11.4,1.0,54062013.75,No,,100000.0,Site2,b_5_m,S2
S2_b5_100000x,S2_b5,62667150.57,0.38,-11.66,1.0,62667150.57,No,,100000.0,Site2,b_5_m,S2
S2_b5_100000x,S2_b5,238901259.9,0.83,-20.25,1.0,238901259.9,No,,100000.0,Site2,b_5_m,S2
S2_b5_100000x,S2_b5,155086774.64,0.69,-17.82,1.0,155086774.64,No,,100000.0,Site2,b_5_m,S2
S2_b5_100000x,S2_b5,301568408.86,0.9,-23.73,1.0,301568408.86,No,,100000.0,Site2,b_5_m,S2
S2_b5_100000x,S2_b5,31148646.26,0.21,-10.71,1.0,31148646.26,No,,100000.0,Site2,b_5_m,S2
S2_b5_100000x,S2_b5,8605136.15,0.06,-8.45,1.0,8605136.15,No,,100000.0,Site2,b_5_m,S2
S2_b5_100000x,S2_b5,27685248.64,0.19,-10.7,1.0,27685248.64,No,,100000.0,Site2,b_5_m,S2
S2_b5_100000x,S2_b5,146481639.82,0.67,-17.65,1.0,146481639.82,No,,100000.0,Site2,b_5_m,S2
S2_b5_100000x,S2_b5,423740500.05,0.96,-25.87,1.0,423740500.05,No,,100000.0,Site2,b_5_m,S2
Milliq_S2_b02,Milliq_S2_b02,71.32,0.05,-19.36,1.0,71.32,Yes,Yes,1.0,Site2,b_02_m,S2
Milliq_S2_b02,Milliq_S2_b02,1307.77,0.63,-25.96,1.0,1307.77,Yes,Yes,1.0,Site2,b_02_m,S2
Milliq_S2_b02,Milliq_S2_b02,869.77,0.48,-25.35,1.0,869.77,Yes,Yes,1.0,Site2,b_02_m,S2
Milliq_S2_b02,Milliq_S2_b02,924.2,0.5,-25.38,1.0,924.2,Yes,Yes,1.0,Site2,b_02_m,S2
Milliq_S2_b02,Milliq_S2_b02,519.95,0.32,-23.86,1.0,519.95,Yes,Yes,1.0,Site2,b_02_m,S2
Milliq_S2_b02,Milliq_S2_b02,540.62,0.33,-23.93,1.0,540.62,Yes,Yes,1.0,Site2,b_02_m,S2
Milliq_S2_b02,Milliq_S2_b02,1550.87,0.69,-26.37,1.0,1550.87,Yes,Yes,1.0,Site2,b_02_m,S2
Milliq_S2_b02,Milliq_S2_b02,276.85,0.19,-22.4,1.0,276.85,Yes,Yes,1.0,Site2,b_02_m,S2
Milliq_S2_b02,Milliq_S2_b02,695.06,0.41,-24.58,1.0,695.06,Yes,Yes,1.0,Site2,b_02_m,S2
Milliq_S2_b02,Milliq_S2_b02,421.14,0.27,-22.82,1.0,421.14,Yes,Yes,1.0,Site2,b_02_m,S2
Milliq_S2_b02,Milliq_S2_b02,42.33,0.03,-18.09,1.0,42.33,Yes,Yes,1.0,Site2,b_02_m,S2
Milliq_S2_b02,Milliq_S2_b02,116.02,0.08,-20.12,1.0,116.02,Yes,Yes,1.0,Site2,b_02_m,S2
Milliq_S2_b02,Milliq_S2_b02,13.96,0.01,-17.51,1.0,13.96,Yes,Yes,1.0,Site2,b_02_m,S2
Milliq_S2_b02,Milliq_S2_b02,5161.6,0.98,-29.12,1.0,5161.6,Yes,Yes,1.0,Site2,b_02_m,S2
Milliq_S2_b02,Milliq_S2_b02,28.07,0.02,-17.69,1.0,28.07,Yes,Yes,1.0,Site2,b_02_m,S2
Milliq_S2_b02,Milliq_S2_b02,952.27,0.51,-25.49,1.0,952.27,Yes,Yes,1.0,Site2,b_02_m,S2
Milliq_S2_b02,Milliq_S2_b02,1964.41,0.77,-27.12,1.0,1964.41,Yes,Yes,1.0,Site2,b_02_m,S2
Milliq_S2_b02,Milliq_S2_b02,896.7,0.49,-25.37,1.0,896.7,Yes,Yes,1.0,Site2,b_02_m,S2
Milliq_S2_b02,Milliq_S2_b02,1793.96,0.74,-26.91,1.0,1793.96,Yes,Yes,1.0,Site2,b_02_m,S2
Milliq_S2_b02,Milliq_S2_b02,86.05,0.06,-19.42,1.0,86.05,Yes,Yes,1.0,Site2,b_02_m,S2
Milliq_S2_b02,Milliq_S2_b02,2389.01,0.83,-28.3,1.0,2389.01,Yes,Yes,1.0,Site2,b_02_m,S2
Milliq_S2_b02,Milliq_S2_b02,311.49,0.21,-22.42,1.0,311.49,Yes,Yes,1.0,Site2,b_02_m,S2
Milliq_S2_b02,Milliq_S2_b02,259.87,0.18,-22.32,1.0,259.87,Yes,Yes,1.0,Site2,b_02_m,S2
Milliq_S2_b02,Milliq_S2_b02,2665.87,0.86,-28.36,1.0,2665.87,Yes,Yes,1.0,Site2,b_02_m,S2
Milliq_S2_b02,Milliq_S2_b02,843.36,0.47,-25.28,1.0,843.36,Yes,Yes,1.0,Site2,b_02_m,S2
Milliq_S2_b02,Milliq_S2_b02,1383.98,0.65,-26.04,1.0,1383.98,Yes,Yes,1.0,Site2,b_02_m,S2
Milliq_S2_b02,Milliq_S2_b02,1271.24,0.61,-25.89,1.0,1271.24,Yes,Yes,1.0,Site2,b_02_m,S2
Milliq_S2_b02,Milliq_S2_b02,671.87,0.4,-24.55,1.0,671.87,Yes,Yes,1.0,Site2,b_02_m,S2
Milliq_S2_b02,Milliq_S2_b02,980.94,0.52,-25.51,1.0,980.94,Yes,Yes,1.0,Site2,b_02_m,S2
Milliq_S2_b02,Milliq_S2_b02,2772.59,0.88,-28.37,1.0,2772.59,Yes,Yes,1.0,Site2,b_02_m,S2
Milliq_S2_b02,Milliq_S2_b02,2026.43,0.78,-27.21,1.0,2026.43,Yes,Yes,1.0,Site2,b_02_m,S2
Milliq_S2_b02,Milliq_S2_b02,479.54,0.3,-23.7,1.0,479.54,Yes,Yes,1.0,Site2,b_02_m,S2
Milliq_S2_b02,Milliq_S2_b02,1507.15,0.68,-26.35,1.0,1507.15,Yes,Yes,1.0,Site2,b_02_m,S2
Milliq_S2_b02,Milliq_S2_b02,742.69,0.43,-24.83,1.0,742.69,Yes,Yes,1.0,Site2,b_02_m,S2
Milliq_S2_b02,Milliq_S2_b02,194.01,0.14,-21.03,1.0,194.01,Yes,Yes,1.0,Site2,b_02_m,S2
Milliq_S2_b02,Milliq_S2_b02,243.1,0.17,-22.25,1.0,243.1,Yes,Yes,1.0,Site2,b_02_m,S2
Milliq_S2_b02,Milliq_S2_b02,1848.39,0.75,-26.95,1.0,1848.39,Yes,Yes,1.0,Site2,b_02_m,S2
Milliq_S2_b02,Milliq_S2_b02,499.59,0.31,-23.7,1.0,499.59,Yes,Yes,1.0,Site2,b_02_m,S2
Milliq_S2_b02,Milliq_S2_b02,3696.78,0.94,-28.6,1.0,3696.78,Yes,Yes,1.0,Site2,b_02_m,S2
Milliq_S2_b02,Milliq_S2_b02,1464.82,0.67,-26.24,1.0,1464.82,Yes,Yes,1.0,Site2,b_02_m,S2
Milliq_S2_b02,Milliq_S2_b02,459.79,0.29,-23.17,1.0,459.79,Yes,Yes,1.0,Site2,b_02_m,S2
Milliq_S2_b02,Milliq_S2_b02,3491.25,0.93,-28.58,1.0,3491.25,Yes,Yes,1.0,Site2,b_02_m,S2
Milliq_S2_b02,Milliq_S2_b02,131.25,0.09,-20.2,1.0,131.25,Yes,Yes,1.0,Site2,b_02_m,S2
Milliq_S2_b02,Milliq_S2_b02,162.26,0.11,-20.61,1.0,162.26,Yes,Yes,1.0,Site2,b_02_m,S2
Milliq_S2_b02,Milliq_S2_b02,210.17,0.15,-21.81,1.0,210.17,Yes,Yes,1.0,Site2,b_02_m,S2
Milliq_S2_b02,Milliq_S2_b02,561.62,0.34,-24.12,1.0,561.62,Yes,Yes,1.0,Site2,b_02_m,S2
Milliq_S2_b02,Milliq_S2_b02,1905.14,0.76,-27.09,1.0,1905.14,Yes,Yes,1.0,Site2,b_02_m,S2
Milliq_S2_b02,Milliq_S2_b02,1201.05,0.59,-25.77,1.0,1201.05,Yes,Yes,1.0,Site2,b_02_m,S2
Milliq_S2_b02,Milliq_S2_b02,146.67,0.1,-20.57,1.0,146.67,Yes,Yes,1.0,Site2,b_02_m,S2
Milliq_S2_b02,Milliq_S2_b02,817.47,0.46,-24.9,1.0,817.47,Yes,Yes,1.0,Site2,b_02_m,S2
Milliq_S2_b02,Milliq_S2_b02,1423.79,0.66,-26.22,1.0,1423.79,Yes,Yes,1.0,Site2,b_02_m,S2
Milliq_S2_b02,Milliq_S2_b02,3313.21,0.92,-28.57,1.0,3313.21,Yes,Yes,1.0,Site2,b_02_m,S2
Milliq_S2_b02,Milliq_S2_b02,2159.88,0.8,-27.92,1.0,2159.88,Yes,Yes,1.0,Site2,b_02_m,S2
Milliq_S2_b02,Milliq_S2_b02,402.22,0.26,-22.81,1.0,402.22,Yes,Yes,1.0,Site2,b_02_m,S2
Milliq_S2_b02,Milliq_S2_b02,1134.37,0.57,-25.71,1.0,1134.37,Yes,Yes,1.0,Site2,b_02_m,S2
Milliq_S2_b02,Milliq_S2_b02,1070.86,0.55,-25.58,1.0,1070.86,Yes,Yes,1.0,Site2,b_02_m,S2
Milliq_S2_b02,Milliq_S2_b02,3939.88,0.95,-28.61,1.0,3939.88,Yes,Yes,1.0,Site2,b_02_m,S2
Milliq_S2_b02,Milliq_S2_b02,3156.16,0.91,-28.51,1.0,3156.16,Yes,Yes,1.0,Site2,b_02_m,S2
Milliq_S2_b02,Milliq_S2_b02,2567.05,0.85,-28.34,1.0,2567.05,Yes,Yes,1.0,Site2,b_02_m,S2
Milliq_S2_b02,Milliq_S2_b02,2308.18,0.82,-28.26,1.0,2308.18,Yes,Yes,1.0,Site2,b_02_m,S2
Milliq_S2_b02,Milliq_S2_b02,2888.6,0.89,-28.39,1.0,2888.6,Yes,Yes,1.0,Site2,b_02_m,S2
Milliq_S2_b02,Milliq_S2_b02,604.63,0.36,-24.24,1.0,604.63,Yes,Yes,1.0,Site2,b_02_m,S2
Milliq_S2_b02,Milliq_S2_b02,,,,1.0,,Yes,Yes,1.0,Site2,b_02_m,S2
Milliq_S2_b02,Milliq_S2_b02,1345.33,0.64,-25.98,1.0,1345.33,Yes,Yes,1.0,Site2,b_02_m,S2
Milliq_S2_b02,Milliq_S2_b02,767.15,0.44,-24.84,1.0,767.15,Yes,Yes,1.0,Site2,b_02_m,S2
Milliq_S2_b02,Milliq_S2_b02,2091.49,0.79,-27.84,1.0,2091.49,Yes,Yes,1.0,Site2,b_02_m,S2
Milliq_S2_b02,Milliq_S2_b02,56.75,0.04,-19.2,1.0,56.75,Yes,Yes,1.0,Site2,b_02_m,S2
Milliq_S2_b02,Milliq_S2_b02,1167.29,0.58,-25.74,1.0,1167.29,Yes,Yes,1.0,Site2,b_02_m,S2
Milliq_S2_b02,Milliq_S2_b02,383.58,0.25,-22.77,1.0,383.58,Yes,Yes,1.0,Site2,b_02_m,S2
Milliq_S2_b02,Milliq_S2_b02,582.95,0.35,-24.18,1.0,582.95,Yes,Yes,1.0,Site2,b_02_m,S2
Milliq_S2_b02,Milliq_S2_b02,1691.35,0.72,-26.56,1.0,1691.35,Yes,Yes,1.0,Site2,b_02_m,S2
Milliq_S2_b02,Milliq_S2_b02,2231.97,0.81,-28.13,1.0,2231.97,Yes,Yes,1.0,Site2,b_02_m,S2
Milliq_S2_b02,Milliq_S2_b02,1596.07,0.7,-26.41,1.0,1596.07,Yes,Yes,1.0,Site2,b_02_m,S2
Milliq_S2_b02,Milliq_S2_b02,3015.68,0.9,-28.43,1.0,3015.68,Yes,Yes,1.0,Site2,b_02_m,S2
Milliq_S2_b02,Milliq_S2_b02,440.32,0.28,-22.87,1.0,440.32,Yes,Yes,1.0,Site2,b_02_m,S2
Milliq_S2_b02,Milliq_S2_b02,649.08,0.39,-24.53,1.0,649.08,Yes,Yes,1.0,Site2,b_02_m,S2
Milliq_S2_b02,Milliq_S2_b02,100.95,0.07,-19.95,1.0,100.95,Yes,Yes,1.0,Site2,b_02_m,S2
Milliq_S2_b02,Milliq_S2_b02,2475.06,0.84,-28.33,1.0,2475.06,Yes,Yes,1.0,Site2,b_02_m,S2
Milliq_S2_b02,Milliq_S2_b02,347.04,0.23,-22.71,1.0,347.04,Yes,Yes,1.0,Site2,b_02_m,S2
Milliq_S2_b02,Milliq_S2_b02,226.53,0.16,-22.16,1.0,226.53,Yes,Yes,1.0,Site2,b_02_m,S2
Milliq_S2_b02,Milliq_S2_b02,294.06,0.2,-22.41,1.0,294.06,Yes,Yes,1.0,Site2,b_02_m,S2
Milliq_S2_b02,Milliq_S2_b02,626.67,0.38,-24.47,1.0,626.67,Yes,Yes,1.0,Site2,b_02_m,S2
Milliq_S2_b02,Milliq_S2_b02,1040.21,0.54,-25.53,1.0,1040.21,Yes,Yes,1.0,Site2,b_02_m,S2
Milliq_S2_b02,Milliq_S2_b02,6085.8,0.99,-29.65,1.0,6085.8,Yes,Yes,1.0,Site2,b_02_m,S2
Milliq_S2_b02,Milliq_S2_b02,329.15,0.22,-22.55,1.0,329.15,Yes,Yes,1.0,Site2,b_02_m,S2
Milliq_S2_b02,Milliq_S2_b02,4620.98,0.97,-29.06,1.0,4620.98,Yes,Yes,1.0,Site2,b_02_m,S2
Milliq_S2_b02,Milliq_S2_b02,1741.67,0.73,-26.62,1.0,1741.67,Yes,Yes,1.0,Site2,b_02_m,S2
Milliq_S2_b02,Milliq_S2_b02,1642.86,0.71,-26.46,1.0,1642.86,Yes,Yes,1.0,Site2,b_02_m,S2
Milliq_S2_b02,Milliq_S2_b02,792.08,0.45,-24.86,1.0,792.08,Yes,Yes,1.0,Site2,b_02_m,S2
Milliq_S2_b02,Milliq_S2_b02,1235.68,0.6,-25.8,1.0,1235.68,Yes,Yes,1.0,Site2,b_02_m,S2
Milliq_S2_b02,Milliq_S2_b02,718.66,0.42,-24.62,1.0,718.66,Yes,Yes,1.0,Site2,b_02_m,S2
Milliq_S2_b02,Milliq_S2_b02,365.18,0.24,-22.75,1.0,365.18,Yes,Yes,1.0,Site2,b_02_m,S2
Milliq_S2_b02,Milliq_S2_b02,1102.24,0.56,-25.59,1.0,1102.24,Yes,Yes,1.0,Site2,b_02_m,S2
Milliq_S2_b02,Milliq_S2_b02,4237.41,0.96,-28.65,1.0,4237.41,Yes,Yes,1.0,Site2,b_02_m,S2
Milliq_S2_b02,Milliq_S2_b02,178.04,0.13,-20.74,1.0,178.04,Yes,Yes,1.0,Site2,b_02_m,S2
Milliq_S2_b02,Milliq_S2_b02,1010.25,0.53,-25.52,1.0,1010.25,Yes,Yes,1.0,Site2,b_02_m,S2
S2_b02,S2_b02,243.1,0.17,-6.17,1.0,243.1,No,,1.0,Site2,b_02_m,S2
S2_b02,S2_b02,311.49,0.21,-6.26,1.0,311.49,No,,1.0,Site2,b_02_m,S2
S2_b02,S2_b02,817.47,0.46,-6.61,1.0,817.47,No,,1.0,Site2,b_02_m,S2
S2_b02,S2_b02,2091.49,0.79,-6.83,1.0,2091.49,No,,1.0,Site2,b_02_m,S2
S2_b02,S2_b02,2231.97,0.81,-6.83,1.0,2231.97,No,,1.0,Site2,b_02_m,S2
S2_b02,S2_b02,869.77,0.48,-6.62,1.0,869.77,No,,1.0,Site2,b_02_m,S2
S2_b02,S2_b02,2567.05,0.85,-6.83,1.0,2567.05,No,,1.0,Site2,b_02_m,S2
S2_b02,S2_b02,5161.6,0.98,-6.92,1.0,5161.6,No,,1.0,Site2,b_02_m,S2
S2_b02,S2_b02,2389.01,0.83,-6.83,1.0,2389.01,No,,1.0,Site2,b_02_m,S2
S2_b02,S2_b02,924.2,0.5,-6.63,1.0,924.2,No,,1.0,Site2,b_02_m,S2
S2_b02,S2_b02,1235.68,0.6,-6.68,1.0,1235.68,No,,1.0,Site2,b_02_m,S2
S2_b02,S2_b02,1307.77,0.63,-6.72,1.0,1307.77,No,,1.0,Site2,b_02_m,S2
S2_b02,S2_b02,626.67,0.38,-6.57,1.0,626.67,No,,1.0,Site2,b_02_m,S2
S2_b02,S2_b02,421.14,0.27,-6.46,1.0,421.14,No,,1.0,Site2,b_02_m,S2
S2_b02,S2_b02,276.85,0.19,-6.21,1.0,276.85,No,,1.0,Site2,b_02_m,S2
S2_b02,S2_b02,56.75,0.04,-5.74,1.0,56.75,No,,1.0,Site2,b_02_m,S2
S2_b02,S2_b02,146.67,0.1,-6.07,1.0,146.67,No,,1.0,Site2,b_02_m,S2
S2_b02,S2_b02,540.62,0.33,-6.54,1.0,540.62,No,,1.0,Site2,b_02_m,S2
S2_b02,S2_b02,1102.24,0.56,-6.67,1.0,1102.24,No,,1.0,Site2,b_02_m,S2
S2_b02,S2_b02,1964.41,0.77,-6.81,1.0,1964.41,No,,1.0,Site2,b_02_m,S2
S2_b02,S2_b02,1848.39,0.75,-6.8,1.0,1848.39,No,,1.0,Site2,b_02_m,S2
S2_b02,S2_b02,1040.21,0.54,-6.66,1.0,1040.21,No,,1.0,Site2,b_02_m,S2
S2_b02,S2_b02,3015.68,0.9,-6.86,1.0,3015.68,No,,1.0,Site2,b_02_m,S2
S2_b02,S2_b02,4237.41,0.96,-6.92,1.0,4237.41,No,,1.0,Site2,b_02_m,S2
S2_b02,S2_b02,1741.67,0.73,-6.79,1.0,1741.67,No,,1.0,Site2,b_02_m,S2
S2_b02,S2_b02,671.87,0.4,-6.57,1.0,671.87,No,,1.0,Site2,b_02_m,S2
S2_b02,S2_b02,718.66,0.42,-6.59,1.0,718.66,No,,1.0,Site2,b_02_m,S2
S2_b02,S2_b02,1464.82,0.67,-6.76,1.0,1464.82,No,,1.0,Site2,b_02_m,S2
S2_b02,S2_b02,499.59,0.31,-6.52,1.0,499.59,No,,1.0,Site2,b_02_m,S2
S2_b02,S2_b02,383.58,0.25,-6.36,1.0,383.58,No,,1.0,Site2,b_02_m,S2
S2_b02,S2_b02,178.04,0.13,-6.07,1.0,178.04,No,,1.0,Site2,b_02_m,S2
S2_b02,S2_b02,28.07,0.02,-5.22,1.0,28.07,No,,1.0,Site2,b_02_m,S2
S2_b02,S2_b02,116.02,0.08,-5.89,1.0,116.02,No,,1.0,Site2,b_02_m,S2
S2_b02,S2_b02,459.79,0.29,-6.48,1.0,459.79,No,,1.0,Site2,b_02_m,S2
S2_b02,S2_b02,1550.87,0.69,-6.76,1.0,1550.87,No,,1.0,Site2,b_02_m,S2
S2_b02,S2_b02,3696.78,0.94,-6.91,1.0,3696.78,No,,1.0,Site2,b_02_m,S2
S2_b02,S2_b02,1642.86,0.71,-6.76,1.0,1642.86,No,,1.0,Site2,b_02_m,S2
S2_b02,S2_b02,767.15,0.44,-6.59,1.0,767.15,No,,1.0,Site2,b_02_m,S2
S2_b02,S2_b02,3313.21,0.92,-6.89,1.0,3313.21,No,,1.0,Site2,b_02_m,S2
S2_b02,S2_b02,,,,1.0,,No,,1.0,Site2,b_02_m,S2
S2_b02,S2_b02,2772.59,0.88,-6.84,1.0,2772.59,No,,1.0,Site2,b_02_m,S2
S2_b02,S2_b02,1383.98,0.65,-6.75,1.0,1383.98,No,,1.0,Site2,b_02_m,S2
S2_b02,S2_b02,980.94,0.52,-6.63,1.0,980.94,No,,1.0,Site2,b_02_m,S2
S2_b02,S2_b02,1167.29,0.58,-6.68,1.0,1167.29,No,,1.0,Site2,b_02_m,S2
S2_b02,S2_b02,582.95,0.35,-6.56,1.0,582.95,No,,1.0,Site2,b_02_m,S2
S2_b02,S2_b02,347.04,0.23,-6.34,1.0,347.04,No,,1.0,Site2,b_02_m,S2
S2_b02,S2_b02,210.17,0.15,-6.1,1.0,210.17,No,,1.0,Site2,b_02_m,S2
S2_b02,S2_b02,86.05,0.06,-5.76,1.0,86.05,No,,1.0,Site2,b_02_m,S2
S2_b02_10x,S2_b02,567.46,0.04,-6.26,1.0,567.46,No,,10.0,Site2,b_02_m,S2
S2_b02_10x,S2_b02,13077.72,0.63,-7.13,1.0,13077.72,No,,10.0,Site2,b_02_m,S2
S2_b02_10x,S2_b02,6718.74,0.4,-6.94,1.0,6718.74,No,,10.0,Site2,b_02_m,S2
S2_b02_10x,S2_b02,9241.96,0.5,-7.04,1.0,9241.96,No,,10.0,Site2,b_02_m,S2
S2_b02_10x,S2_b02,8174.73,0.46,-7.0,1.0,8174.73,No,,10.0,Site2,b_02_m,S2
S2_b02_10x,S2_b02,33132.09,0.92,-7.57,1.0,33132.09,No,,10.0,Site2,b_02_m,S2
S2_b02_10x,S2_b02,36967.85,0.94,-7.58,1.0,36967.85,No,,10.0,Site2,b_02_m,S2
S2_b02_10x,S2_b02,17416.69,0.73,-7.2,1.0,17416.69,No,,10.0,Site2,b_02_m,S2
S2_b02_10x,S2_b02,42374.05,0.96,-7.64,1.0,42374.05,No,,10.0,Site2,b_02_m,S2
S2_b02_10x,S2_b02,5406.2,0.33,-6.88,1.0,5406.2,No,,10.0,Site2,b_02_m,S2
S2_b02_10x,S2_b02,19644.08,0.77,-7.23,1.0,19644.08,No,,10.0,Site2,b_02_m,S2
S2_b02_10x,S2_b02,7671.52,0.44,-7.0,1.0,7671.52,No,,10.0,Site2,b_02_m,S2
S2_b02_10x,S2_b02,5829.52,0.35,-6.89,1.0,5829.52,No,,10.0,Site2,b_02_m,S2
S2_b02_10x,S2_b02,4211.37,0.27,-6.78,1.0,4211.37,No,,10.0,Site2,b_02_m,S2
S2_b02_10x,S2_b02,3114.86,0.21,-6.59,1.0,3114.86,No,,10.0,Site2,b_02_m,S2
S2_b02_10x,S2_b02,1466.68,0.1,-6.31,1.0,1466.68,No,,10.0,Site2,b_02_m,S2
S2_b02_10x,S2_b02,2101.72,0.15,-6.51,1.0,2101.72,No,,10.0,Site2,b_02_m,S2
S2_b02_10x,S2_b02,2430.95,0.17,-6.56,1.0,2430.95,No,,10.0,Site2,b_02_m,S2
S2_b02_10x,S2_b02,30156.84,0.9,-7.48,1.0,30156.84,No,,10.0,Site2,b_02_m,S2
S2_b02_10x,S2_b02,,,,1.0,,No,,10.0,Site2,b_02_m,S2
S2_b02_10x,S2_b02,14648.16,0.67,-7.17,1.0,14648.16,No,,10.0,Site2,b_02_m,S2
S2_b02_10x,S2_b02,12356.83,0.6,-7.09,1.0,12356.83,No,,10.0,Site2,b_02_m,S2
S2_b02_10x,S2_b02,51616.02,0.98,-7.69,1.0,51616.02,No,,10.0,Site2,b_02_m,S2
S2_b02_10x,S2_b02,9809.42,0.52,-7.05,1.0,9809.42,No,,10.0,Site2,b_02_m,S2
S2_b02_10x,S2_b02,10402.11,0.54,-7.07,1.0,10402.11,No,,10.0,Site2,b_02_m,S2
S2_b02_10x,S2_b02,18483.92,0.75,-7.21,1.0,18483.92,No,,10.0,Site2,b_02_m,S2
S2_b02_10x,S2_b02,22319.69,0.81,-7.32,1.0,22319.69,No,,10.0,Site2,b_02_m,S2
S2_b02_10x,S2_b02,11672.92,0.58,-7.08,1.0,11672.92,No,,10.0,Site2,b_02_m,S2
S2_b02_10x,S2_b02,23890.13,0.83,-7.37,1.0,23890.13,No,,10.0,Site2,b_02_m,S2
S2_b02_10x,S2_b02,15508.68,0.69,-7.18,1.0,15508.68,No,,10.0,Site2,b_02_m,S2
S2_b02_10x,S2_b02,3835.76,0.25,-6.77,1.0,3835.76,No,,10.0,Site2,b_02_m,S2
S2_b02_10x,S2_b02,1160.15,0.08,-6.28,1.0,1160.15,No,,10.0,Site2,b_02_m,S2
S2_b02_10x,S2_b02,1780.42,0.13,-6.5,1.0,1780.42,No,,10.0,Site2,b_02_m,S2
S2_b02_10x,S2_b02,2768.52,0.19,-6.59,1.0,2768.52,No,,10.0,Site2,b_02_m,S2
S2_b02_10x,S2_b02,4995.91,0.31,-6.83,1.0,4995.91,No,,10.0,Site2,b_02_m,S2
S2_b02_10x,S2_b02,7186.62,0.42,-6.98,1.0,7186.62,No,,10.0,Site2,b_02_m,S2
S2_b02_10x,S2_b02,11022.38,0.56,-7.08,1.0,11022.38,No,,10.0,Site2,b_02_m,S2
S2_b02_10x,S2_b02,16428.58,0.71,-7.19,1.0,16428.58,No,,10.0,Site2,b_02_m,S2
S2_b02_10x,S2_b02,27725.89,0.88,-7.39,1.0,27725.89,No,,10.0,Site2,b_02_m,S2
S2_b02_10x,S2_b02,13839.84,0.65,-7.15,1.0,13839.84,No,,10.0,Site2,b_02_m,S2
S2_b02_10x,S2_b02,20914.88,0.79,-7.3,1.0,20914.88,No,,10.0,Site2,b_02_m,S2
S2_b02_10x,S2_b02,4597.87,0.29,-6.79,1.0,4597.87,No,,10.0,Site2,b_02_m,S2
S2_b02_10x,S2_b02,25670.55,0.85,-7.39,1.0,25670.55,No,,10.0,Site2,b_02_m,S2
S2_b02_10x,S2_b02,8697.67,0.48,-7.0,1.0,8697.67,No,,10.0,Site2,b_02_m,S2
S2_b02_10x,S2_b02,3470.44,0.23,-6.68,1.0,3470.44,No,,10.0,Site2,b_02_m,S2
S2_b02_10x,S2_b02,6266.72,0.38,-6.91,1.0,6266.72,No,,10.0,Site2,b_02_m,S2
S2_b02_10x,S2_b02,860.51,0.06,-6.26,1.0,860.51,No,,10.0,Site2,b_02_m,S2
S2_b02_10x,S2_b02,280.71,0.02,-6.24,1.0,280.71,No,,10.0,Site2,b_02_m,S2
S2_b02_100x,S2_b02,223196.86,0.81,-8.95,1.0,223196.86,No,,100.0,Site2,b_02_m,S2
S2_b02_100x,S2_b02,146481.64,0.67,-8.33,1.0,146481.64,No,,100.0,Site2,b_02_m,S2
S2_b02_100x,S2_b02,369678.5,0.94,-9.76,1.0,369678.5,No,,100.0,Site2,b_02_m,S2
S2_b02_100x,S2_b02,34704.41,0.23,-7.42,1.0,34704.41,No,,100.0,Site2,b_02_m,S2
S2_b02_100x,S2_b02,110223.81,0.56,-8.07,1.0,110223.81,No,,100.0,Site2,b_02_m,S2
S2_b02_100x,S2_b02,516160.16,0.98,-9.83,1.0,516160.16,No,,100.0,Site2,b_02_m,S2
S2_b02_100x,S2_b02,301568.41,0.9,-9.48,1.0,301568.41,No,,100.0,Site2,b_02_m,S2
S2_b02_100x,S2_b02,116729.16,0.58,-8.08,1.0,116729.16,No,,100.0,Site2,b_02_m,S2
S2_b02_100x,S2_b02,42113.73,0.27,-7.45,1.0,42113.73,No,,100.0,Site2,b_02_m,S2
S2_b02_100x,S2_b02,31148.65,0.21,-7.38,1.0,31148.65,No,,100.0,Site2,b_02_m,S2
S2_b02_100x,S2_b02,71866.2,0.42,-7.77,1.0,71866.2,No,,100.0,Site2,b_02_m,S2
S2_b02_100x,S2_b02,,,,1.0,,No,,100.0,Site2,b_02_m,S2
S2_b02_100x,S2_b02,86976.69,0.48,-7.86,1.0,86976.69,No,,100.0,Site2,b_02_m,S2
S2_b02_100x,S2_b02,8605.14,0.06,-6.94,1.0,8605.14,No,,100.0,Site2,b_02_m,S2
S2_b02_100x,S2_b02,24309.54,0.17,-7.32,1.0,24309.54,No,,100.0,Site2,b_02_m,S2
S2_b02_100x,S2_b02,2807.12,0.02,-6.42,1.0,2807.12,No,,100.0,Site2,b_02_m,S2
S2_b02_100x,S2_b02,54062.01,0.33,-7.54,1.0,54062.01,No,,100.0,Site2,b_02_m,S2
S2_b02_100x,S2_b02,138398.35,0.65,-8.32,1.0,138398.35,No,,100.0,Site2,b_02_m,S2
S2_b02_100x,S2_b02,123568.27,0.6,-8.25,1.0,123568.27,No,,100.0,Site2,b_02_m,S2
S2_b02_100x,S2_b02,21017.19,0.15,-7.31,1.0,21017.19,No,,100.0,Site2,b_02_m,S2
S2_b02_100x,S2_b02,27685.25,0.19,-7.33,1.0,27685.25,No,,100.0,Site2,b_02_m,S2
S2_b02_100x,S2_b02,238901.26,0.83,-9.08,1.0,238901.26,No,,100.0,Site2,b_02_m,S2
S2_b02_100x,S2_b02,331320.89,0.92,-9.56,1.0,331320.89,No,,100.0,Site2,b_02_m,S2
S2_b02_100x,S2_b02,130777.23,0.63,-8.29,1.0,130777.23,No,,100.0,Site2,b_02_m,S2
S2_b02_100x,S2_b02,209148.79,0.79,-8.79,1.0,209148.79,No,,100.0,Site2,b_02_m,S2
S2_b02_100x,S2_b02,11601.52,0.08,-7.1,1.0,11601.52,No,,100.0,Site2,b_02_m,S2
S2_b02_100x,S2_b02,92419.62,0.5,-7.86,1.0,92419.62,No,,100.0,Site2,b_02_m,S2
S2_b02_100x,S2_b02,104021.14,0.54,-8.04,1.0,104021.14,No,,100.0,Site2,b_02_m,S2
S2_b02_100x,S2_b02,164285.82,0.71,-8.51,1.0,164285.82,No,,100.0,Site2,b_02_m,S2
S2_b02_100x,S2_b02,17804.19,0.13,-7.26,1.0,17804.19,No,,100.0,Site2,b_02_m,S2
S2_b02_100x,S2_b02,14666.79,0.1,-7.13,1.0,14666.79,No,,100.0,Site2,b_02_m,S2
S2_b02_100x,S2_b02,184839.25,0.75,-8.71,1.0,184839.25,No,,100.0,Site2,b_02_m,S2
S2_b02_100x,S2_b02,45978.73,0.29,-7.47,1.0,45978.73,No,,100.0,Site2,b_02_m,S2
S2_b02_100x,S2_b02,76715.22,0.44,-7.82,1.0,76715.22,No,,100.0,Site2,b_02_m,S2
S2_b02_100x,S2_b02,174166.89,0.73,-8.67,1.0,174166.89,No,,100.0,Site2,b_02_m,S2
S2_b02_100x,S2_b02,277258.87,0.88,-9.19,1.0,277258.87,No,,100.0,Site2,b_02_m,S2
S2_b02_100x,S2_b02,155086.77,0.69,-8.41,1.0,155086.77,No,,100.0,Site2,b_02_m,S2
S2_b02_100x,S2_b02,49959.13,0.31,-7.53,1.0,49959.13,No,,100.0,Site2,b_02_m,S2
S2_b02_100x,S2_b02,256705.45,0.85,-9.13,1.0,256705.45,No,,100.0,Site2,b_02_m,S2
S2_b02_100x,S2_b02,98094.24,0.52,-7.99,1.0,98094.24,No,,100.0,Site2,b_02_m,S2
S2_b02_100x,S2_b02,67187.36,0.4,-7.73,1.0,67187.36,No,,100.0,Site2,b_02_m,S2
S2_b02_100x,S2_b02,38357.61,0.25,-7.44,1.0,38357.61,No,,100.0,Site2,b_02_m,S2
S2_b02_100x,S2_b02,81747.26,0.46,-7.84,1.0,81747.26,No,,100.0,Site2,b_02_m,S2
S2_b02_100x,S2_b02,423740.5,0.96,-9.82,1.0,423740.5,No,,100.0,Site2,b_02_m,S2
S2_b02_100x,S2_b02,58295.17,0.35,-7.65,1.0,58295.17,No,,100.0,Site2,b_02_m,S2
S2_b02_100x,S2_b02,62667.15,0.38,-7.72,1.0,62667.15,No,,100.0,Site2,b_02_m,S2
S2_b02_100x,S2_b02,5674.62,0.04,-6.92,1.0,5674.62,No,,100.0,Site2,b_02_m,S2
S2_b02_100x,S2_b02,196440.76,0.77,-8.75,1.0,196440.76,No,,100.0,Site2,b_02_m,S2
S2_b02_1000x,S2_b02,2231968.58,0.81,-10.66,1.0,2231968.58,No,,1000.0,Site2,b_02_m,S2
S2_b02_1000x,S2_b02,4237405.0,0.96,-11.19,1.0,4237405.0,No,,1000.0,Site2,b_02_m,S2
S2_b02_1000x,S2_b02,56746.16,0.04,-7.49,1.0,56746.16,No,,1000.0,Site2,b_02_m,S2
S2_b02_1000x,S2_b02,1741668.89,0.73,-10.59,1.0,1741668.89,No,,1000.0,Site2,b_02_m,S2
S2_b02_1000x,S2_b02,2389012.6,0.83,-10.78,1.0,2389012.6,No,,1000.0,Site2,b_02_m,S2
S2_b02_1000x,S2_b02,1848392.48,0.75,-10.6,1.0,1848392.48,No,,1000.0,Site2,b_02_m,S2
S2_b02_1000x,S2_b02,1550867.75,0.69,-10.49,1.0,1550867.75,No,,1000.0,Site2,b_02_m,S2
S2_b02_1000x,S2_b02,2772588.72,0.88,-10.93,1.0,2772588.72,No,,1000.0,Site2,b_02_m,S2
S2_b02_1000x,S2_b02,3015684.09,0.9,-11.04,1.0,3015684.09,No,,1000.0,Site2,b_02_m,S2
S2_b02_1000x,S2_b02,980942.38,0.52,-10.35,1.0,980942.38,No,,1000.0,Site2,b_02_m,S2
S2_b02_1000x,S2_b02,3696784.96,0.94,-11.11,1.0,3696784.96,No,,1000.0,Site2,b_02_m,S2
S2_b02_1000x,S2_b02,5161601.56,0.98,-11.38,1.0,5161601.56,No,,1000.0,Site2,b_02_m,S2
S2_b02_1000x,S2_b02,,,,1.0,,No,,1000.0,Site2,b_02_m,S2
S2_b02_1000x,S2_b02,924196.24,0.5,-10.32,1.0,924196.24,No,,1000.0,Site2,b_02_m,S2
S2_b02_1000x,S2_b02,1307772.34,0.63,-10.46,1.0,1307772.34,No,,1000.0,Site2,b_02_m,S2
S2_b02_1000x,S2_b02,210171.92,0.15,-8.83,1.0,210171.92,No,,1000.0,Site2,b_02_m,S2
S2_b02_1000x,S2_b02,540620.14,0.33,-9.82,1.0,540620.14,No,,1000.0,Site2,b_02_m,S2
S2_b02_1000x,S2_b02,767152.19,0.44,-10.3,1.0,767152.19,No,,1000.0,Site2,b_02_m,S2
S2_b02_1000x,S2_b02,1167291.64,0.58,-10.44,1.0,1167291.64,No,,1000.0,Site2,b_02_m,S2
S2_b02_1000x,S2_b02,116015.16,0.08,-8.21,1.0,116015.16,No,,1000.0,Site2,b_02_m,S2
S2_b02_1000x,S2_b02,243095.41,0.17,-9.0,1.0,243095.41,No,,1000.0,Site2,b_02_m,S2
S2_b02_1000x,S2_b02,582951.75,0.35,-9.89,1.0,582951.75,No,,1000.0,Site2,b_02_m,S2
S2_b02_1000x,S2_b02,718662.01,0.42,-10.29,1.0,718662.01,No,,1000.0,Site2,b_02_m,S2
S2_b02_1000x,S2_b02,1102238.1,0.56,-10.43,1.0,1102238.1,No,,1000.0,Site2,b_02_m,S2
S2_b02_1000x,S2_b02,146667.87,0.1,-8.47,1.0,146667.87,No,,1000.0,Site2,b_02_m,S2
S2_b02_1000x,S2_b02,1642858.23,0.71,-10.58,1.0,1642858.23,No,,1000.0,Site2,b_02_m,S2
S2_b02_1000x,S2_b02,311486.46,0.21,-9.18,1.0,311486.46,No,,1000.0,Site2,b_02_m,S2
S2_b02_1000x,S2_b02,178041.86,0.13,-8.69,1.0,178041.86,No,,1000.0,Site2,b_02_m,S2
S2_b02_1000x,S2_b02,626671.51,0.38,-10.12,1.0,626671.51,No,,1000.0,Site2,b_02_m,S2
S2_b02_1000x,S2_b02,1464816.4,0.67,-10.49,1.0,1464816.4,No,,1000.0,Site2,b_02_m,S2
S2_b02_1000x,S2_b02,28071.21,0.02,-6.94,1.0,28071.21,No,,1000.0,Site2,b_02_m,S2
S2_b02_1000x,S2_b02,347044.14,0.23,-9.41,1.0,347044.14,No,,1000.0,Site2,b_02_m,S2
S2_b02_1000x,S2_b02,383576.1,0.25,-9.75,1.0,383576.1,No,,1000.0,Site2,b_02_m,S2
S2_b02_1000x,S2_b02,86051.36,0.06,-7.85,1.0,86051.36,No,,1000.0,Site2,b_02_m,S2
S2_b02_1000x,S2_b02,1235682.72,0.6,-10.44,1.0,1235682.72,No,,1000.0,Site2,b_02_m,S2
S2_b02_1000x,S2_b02,2091487.91,0.79,-10.6,1.0,2091487.91,No,,1000.0,Site2,b_02_m,S2
S2_b02_1000x,S2_b02,3313208.92,0.92,-11.07,1.0,3313208.92,No,,1000.0,Site2,b_02_m,S2
S2_b02_1000x,S2_b02,671873.57,0.4,-10.25,1.0,671873.57,No,,1000.0,Site2,b_02_m,S2
S2_b02_1000x,S2_b02,1964407.63,0.77,-10.6,1.0,1964407.63,No,,1000.0,Site2,b_02_m,S2
S2_b02_1000x,S2_b02,2567054.51,0.85,-10.82,1.0,2567054.51,No,,1000.0,Site2,b_02_m,S2
S2_b02_1000x,S2_b02,869766.92,0.48,-10.3,1.0,869766.92,No,,1000.0,Site2,b_02_m,S2
S2_b02_1000x,S2_b02,421137.26,0.27,-9.79,1.0,421137.26,No,,1000.0,Site2,b_02_m,S2
S2_b02_1000x,S2_b02,1040211.42,0.54,-10.42,1.0,1040211.42,No,,1000.0,Site2,b_02_m,S2
S2_b02_1000x,S2_b02,459787.32,0.29,-9.79,1.0,459787.32,No,,1000.0,Site2,b_02_m,S2
S2_b02_1000x,S2_b02,817472.62,0.46,-10.3,1.0,817472.62,No,,1000.0,Site2,b_02_m,S2
S2_b02_1000x,S2_b02,1383983.54,0.65,-10.47,1.0,1383983.54,No,,1000.0,Site2,b_02_m,S2
S2_b02_1000x,S2_b02,499591.27,0.31,-9.81,1.0,499591.27,No,,1000.0,Site2,b_02_m,S2
S2_b02_1000x,S2_b02,276852.49,0.19,-9.03,1.0,276852.49,No,,1000.0,Site2,b_02_m,S2
S2_b02_10000x,S2_b02,4211372.6,0.27,-11.25,1.0,4211372.6,No,,10000.0,Site2,b_02_m,S2
S2_b02_10000x,S2_b02,4597873.21,0.29,-11.29,1.0,4597873.21,No,,10000.0,Site2,b_02_m,S2
S2_b02_10000x,S2_b02,6718735.67,0.4,-11.89,1.0,6718735.67,No,,10000.0,Site2,b_02_m,S2
S2_b02_10000x,S2_b02,20914879.12,0.79,-21.53,1.0,20914879.12,No,,10000.0,Site2,b_02_m,S2
S2_b02_10000x,S2_b02,8174726.22,0.46,-12.46,1.0,8174726.22,No,,10000.0,Site2,b_02_m,S2
S2_b02_10000x,S2_b02,11022380.98,0.56,-13.75,1.0,11022380.98,No,,10000.0,Site2,b_02_m,S2
S2_b02_10000x,S2_b02,17416688.88,0.73,-17.86,1.0,17416688.88,No,,10000.0,Site2,b_02_m,S2
S2_b02_10000x,S2_b02,3114864.63,0.21,-10.94,1.0,3114864.63,No,,10000.0,Site2,b_02_m,S2
S2_b02_10000x,S2_b02,2101719.2,0.15,-10.65,1.0,2101719.2,No,,10000.0,Site2,b_02_m,S2
S2_b02_10000x,S2_b02,1160151.64,0.08,-10.32,1.0,1160151.64,No,,10000.0,Site2,b_02_m,S2
S2_b02_10000x,S2_b02,860513.62,0.06,-10.26,1.0,860513.62,No,,10000.0,Site2,b_02_m,S2
S2_b02_10000x,S2_b02,9809423.84,0.52,-12.92,1.0,9809423.84,No,,10000.0,Site2,b_02_m,S2
S2_b02_10000x,S2_b02,27725887.22,0.88,-24.9,1.0,27725887.22,No,,10000.0,Site2,b_02_m,S2
S2_b02_10000x,S2_b02,6266715.06,0.38,-11.87,1.0,6266715.06,No,,10000.0,Site2,b_02_m,S2
S2_b02_10000x,S2_b02,51616015.61,0.98,-27.8,1.0,51616015.61,No,,10000.0,Site2,b_02_m,S2
S2_b02_10000x,S2_b02,280712.08,0.02,-9.09,1.0,280712.08,No,,10000.0,Site2,b_02_m,S2
S2_b02_10000x,S2_b02,11672916.39,0.58,-13.81,1.0,11672916.39,No,,10000.0,Site2,b_02_m,S2
S2_b02_10000x,S2_b02,7671521.93,0.44,-12.22,1.0,7671521.93,No,,10000.0,Site2,b_02_m,S2
S2_b02_10000x,S2_b02,12356827.2,0.6,-13.9,1.0,12356827.2,No,,10000.0,Site2,b_02_m,S2
S2_b02_10000x,S2_b02,30156840.89,0.9,-25.45,1.0,30156840.89,No,,10000.0,Site2,b_02_m,S2
S2_b02_10000x,S2_b02,42374050.0,0.96,-26.85,1.0,42374050.0,No,,10000.0,Site2,b_02_m,S2
S2_b02_10000x,S2_b02,36967849.63,0.94,-26.08,1.0,36967849.63,No,,10000.0,Site2,b_02_m,S2
S2_b02_10000x,S2_b02,23890125.99,0.83,-24.16,1.0,23890125.99,No,,10000.0,Site2,b_02_m,S2
S2_b02_10000x,S2_b02,15508677.46,0.69,-16.65,1.0,15508677.46,No,,10000.0,Site2,b_02_m,S2
S2_b02_10000x,S2_b02,13077723.37,0.63,-14.04,1.0,13077723.37,No,,10000.0,Site2,b_02_m,S2
S2_b02_10000x,S2_b02,2768524.86,0.19,-10.82,1.0,2768524.86,No,,10000.0,Site2,b_02_m,S2
S2_b02_10000x,S2_b02,,,,1.0,,No,,10000.0,Site2,b_02_m,S2
S2_b02_10000x,S2_b02,2430954.14,0.17,-10.69,1.0,2430954.14,No,,10000.0,Site2,b_02_m,S2
S2_b02_10000x,S2_b02,10402114.2,0.54,-13.64,1.0,10402114.2,No,,10000.0,Site2,b_02_m,S2
S2_b02_10000x,S2_b02,13839835.43,0.65,-15.12,1.0,13839835.43,No,,10000.0,Site2,b_02_m,S2
S2_b02_10000x,S2_b02,567461.57,0.04,-10.13,1.0,567461.57,No,,10000.0,Site2,b_02_m,S2
S2_b02_10000x,S2_b02,5406201.37,0.33,-11.43,1.0,5406201.37,No,,10000.0,Site2,b_02_m,S2
S2_b02_10000x,S2_b02,22319685.78,0.81,-24.03,1.0,22319685.78,No,,10000.0,Site2,b_02_m,S2
S2_b02_10000x,S2_b02,8697669.23,0.48,-12.58,1.0,8697669.23,No,,10000.0,Site2,b_02_m,S2
S2_b02_10000x,S2_b02,1466678.65,0.1,-10.36,1.0,1466678.65,No,,10000.0,Site2,b_02_m,S2
S2_b02_10000x,S2_b02,5829517.49,0.35,-11.79,1.0,5829517.49,No,,10000.0,Site2,b_02_m,S2
S2_b02_10000x,S2_b02,16428582.26,0.71,-17.35,1.0,16428582.26,No,,10000.0,Site2,b_02_m,S2
S2_b02_10000x,S2_b02,19644076.31,0.77,-20.51,1.0,19644076.31,No,,10000.0,Site2,b_02_m,S2
S2_b02_10000x,S2_b02,1780418.57,0.13,-10.57,1.0,1780418.57,No,,10000.0,Site2,b_02_m,S2
S2_b02_10000x,S2_b02,33132089.2,0.92,-25.53,1.0,33132089.2,No,,10000.0,Site2,b_02_m,S2
S2_b02_10000x,S2_b02,14648163.98,0.67,-15.23,1.0,14648163.98,No,,10000.0,Site2,b_02_m,S2
S2_b02_10000x,S2_b02,4995912.66,0.31,-11.37,1.0,4995912.66,No,,10000.0,Site2,b_02_m,S2
S2_b02_10000x,S2_b02,25670545.13,0.85,-24.55,1.0,25670545.13,No,,10000.0,Site2,b_02_m,S2
S2_b02_10000x,S2_b02,18483924.81,0.75,-18.11,1.0,18483924.81,No,,10000.0,Site2,b_02_m,S2
S2_b02_10000x,S2_b02,3835760.97,0.25,-11.02,1.0,3835760.97,No,,10000.0,Site2,b_02_m,S2
S2_b02_10000x,S2_b02,7186620.09,0.42,-11.92,1.0,7186620.09,No,,10000.0,Site2,b_02_m,S2
S2_b02_10000x,S2_b02,3470441.37,0.23,-10.94,1.0,3470441.37,No,,10000.0,Site2,b_02_m,S2
S2_b02_10000x,S2_b02,9241962.41,0.5,-12.84,1.0,9241962.41,No,,10000.0,Site2,b_02_m,S2
S2_b02_100000x,S2_b02,5674615.72,0.04,-12.07,1.0,5674615.72,No,,100000.0,Site2,b_02_m,S2
S2_b02_100000x,S2_b02,54062013.75,0.33,-26.02,1.0,54062013.75,No,,100000.0,Site2,b_02_m,S2
S2_b02_100000x,S2_b02,209148791.19,0.79,-28.82,1.0,209148791.19,No,,100000.0,Site2,b_02_m,S2
S2_b02_100000x,S2_b02,38357609.66,0.25,-24.0,1.0,38357609.66,No,,100000.0,Site2,b_02_m,S2
S2_b02_100000x,S2_b02,277258872.22,0.88,-29.62,1.0,277258872.22,No,,100000.0,Site2,b_02_m,S2
S2_b02_100000x,S2_b02,116729163.91,0.58,-27.55,1.0,116729163.91,No,,100000.0,Site2,b_02_m,S2
S2_b02_100000x,S2_b02,196440763.14,0.77,-28.51,1.0,196440763.14,No,,100000.0,Site2,b_02_m,S2
S2_b02_100000x,S2_b02,223196857.81,0.81,-29.17,1.0,223196857.81,No,,100000.0,Site2,b_02_m,S2
S2_b02_100000x,S2_b02,58295174.88,0.35,-26.25,1.0,58295174.88,No,,100000.0,Site2,b_02_m,S2
S2_b02_100000x,S2_b02,516160156.12,0.98,-30.79,1.0,516160156.12,No,,100000.0,Site2,b_02_m,S2
S2_b02_100000x,S2_b02,146481639.82,0.67,-28.11,1.0,146481639.82,No,,100000.0,Site2,b_02_m,S2
S2_b02_100000x,S2_b02,81747262.23,0.46,-26.82,1.0,81747262.23,No,,100000.0,Site2,b_02_m,S2
S2_b02_100000x,S2_b02,155086774.64,0.69,-28.13,1.0,155086774.64,No,,100000.0,Site2,b_02_m,S2
S2_b02_100000x,S2_b02,76715219.32,0.44,-26.81,1.0,76715219.32,No,,100000.0,Site2,b_02_m,S2
S2_b02_100000x,S2_b02,31148646.26,0.21,-22.9,1.0,31148646.26,No,,100000.0,Site2,b_02_m,S2
S2_b02_100000x,S2_b02,98094238.4,0.52,-27.35,1.0,98094238.4,No,,100000.0,Site2,b_02_m,S2
S2_b02_100000x,S2_b02,110223809.76,0.56,-27.47,1.0,110223809.76,No,,100000.0,Site2,b_02_m,S2
S2_b02_100000x,S2_b02,301568408.86,0.9,-30.04,1.0,301568408.86,No,,100000.0,Site2,b_02_m,S2
S2_b02_100000x,S2_b02,369678496.3,0.94,-30.27,1.0,369678496.3,No,,100000.0,Site2,b_02_m,S2
S2_b02_100000x,S2_b02,67187356.72,0.4,-26.66,1.0,67187356.72,No,,100000.0,Site2,b_02_m,S2
S2_b02_100000x,S2_b02,62667150.57,0.38,-26.57,1.0,62667150.57,No,,100000.0,Site2,b_02_m,S2
S2_b02_100000x,S2_b02,21017192.04,0.15,-20.16,1.0,21017192.04,No,,100000.0,Site2,b_02_m,S2
S2_b02_100000x,S2_b02,42113725.98,0.27,-24.0,1.0,42113725.98,No,,100000.0,Site2,b_02_m,S2
S2_b02_100000x,S2_b02,123568272.02,0.6,-27.66,1.0,123568272.02,No,,100000.0,Site2,b_02_m,S2
S2_b02_100000x,S2_b02,423740500.05,0.96,-30.54,1.0,423740500.05,No,,100000.0,Site2,b_02_m,S2
S2_b02_100000x,S2_b02,24309541.44,0.17,-21.49,1.0,24309541.44,No,,100000.0,Site2,b_02_m,S2
S2_b02_100000x,S2_b02,8605136.15,0.06,-13.74,1.0,8605136.15,No,,100000.0,Site2,b_02_m,S2
S2_b02_100000x,S2_b02,27685248.64,0.19,-21.63,1.0,27685248.64,No,,100000.0,Site2,b_02_m,S2
S2_b02_100000x,S2_b02,71866200.86,0.42,-26.71,1.0,71866200.86,No,,100000.0,Site2,b_02_m,S2
S2_b02_100000x,S2_b02,184839248.15,0.75,-28.37,1.0,184839248.15,No,,100000.0,Site2,b_02_m,S2
S2_b02_100000x,S2_b02,11601516.45,0.08,-14.18,1.0,11601516.45,No,,100000.0,Site2,b_02_m,S2
S2_b02_100000x,S2_b02,104021141.98,0.54,-27.46,1.0,104021141.98,No,,100000.0,Site2,b_02_m,S2
S2_b02_100000x,S2_b02,14666786.52,0.1,-15.1,1.0,14666786.52,No,,100000.0,Site2,b_02_m,S2
S2_b02_100000x,S2_b02,2807120.77,0.02,-10.92,1.0,2807120.77,No,,100000.0,Site2,b_02_m,S2
S2_b02_100000x,S2_b02,86976692.33,0.48,-27.12,1.0,86976692.33,No,,100000.0,Site2,b_02_m,S2
S2_b02_100000x,S2_b02,17804185.68,0.13,-16.69,1.0,17804185.68,No,,100000.0,Site2,b_02_m,S2
S2_b02_100000x,S2_b02,34704413.68,0.23,-22.96,1.0,34704413.68,No,,100000.0,Site2,b_02_m,S2
S2_b02_100000x,S2_b02,,,,1.0,,No,,100000.0,Site2,b_02_m,S2
S2_b02_100000x,S2_b02,331320891.97,0.92,-30.1,1.0,331320891.97,No,,100000.0,Site2,b_02_m,S2
S2_b02_100000x,S2_b02,138398354.33,0.65,-27.92,1.0,138398354.33,No,,100000.0,Site2,b_02_m,S2
S2_b02_100000x,S2_b02,238901259.9,0.83,-29.31,1.0,238901259.9,No,,100000.0,Site2,b_02_m,S2
S2_b02_100000x,S2_b02,174166888.77,0.73,-28.22,1.0,174166888.77,No,,100000.0,Site2,b_02_m,S2
S2_b02_100000x,S2_b02,92419624.07,0.5,-27.18,1.0,92419624.07,No,,100000.0,Site2,b_02_m,S2
S2_b02_100000x,S2_b02,130777233.73,0.63,-27.73,1.0,130777233.73,No,,100000.0,Site2,b_02_m,S2
S2_b02_100000x,S2_b02,256705451.29,0.85,-29.58,1.0,256705451.29,No,,100000.0,Site2,b_02_m,S2
S2_b02_100000x,S2_b02,164285822.65,0.71,-28.17,1.0,164285822.65,No,,100000.0,Site2,b_02_m,S2
S2_b02_100000x,S2_b02,49959126.59,0.31,-25.26,1.0,49959126.59,No,,100000.0,Site2,b_02_m,S2
S2_b02_100000x,S2_b02,45978732.13,0.29,-25.12,1.0,45978732.13,No,,100000.0,Site2,b_02_m,S2
Milliq_S3_b5,Milliq_S3_b5,604.63,0.36,-24.14,1.0,604.63,Yes,Yes,1.0,Site3,b_5_m,S3
Milliq_S3_b5,Milliq_S3_b5,146.67,0.1,-19.61,1.0,146.67,Yes,Yes,1.0,Site3,b_5_m,S3
Milliq_S3_b5,Milliq_S3_b5,540.62,0.33,-23.68,1.0,540.62,Yes,Yes,1.0,Site3,b_5_m,S3
Milliq_S3_b5,Milliq_S3_b5,1596.07,0.7,-26.88,1.0,1596.07,Yes,Yes,1.0,Site3,b_5_m,S3
Milliq_S3_b5,Milliq_S3_b5,1507.15,0.68,-26.7,1.0,1507.15,Yes,Yes,1.0,Site3,b_5_m,S3
Milliq_S3_b5,Milliq_S3_b5,13.96,0.01,-13.15,1.0,13.96,Yes,Yes,1.0,Site3,b_5_m,S3
Milliq_S3_b5,Milliq_S3_b5,1040.21,0.54,-25.7,1.0,1040.21,Yes,Yes,1.0,Site3,b_5_m,S3
Milliq_S3_b5,Milliq_S3_b5,311.49,0.21,-21.88,1.0,311.49,Yes,Yes,1.0,Site3,b_5_m,S3
Milliq_S3_b5,Milliq_S3_b5,210.17,0.15,-20.3,1.0,210.17,Yes,Yes,1.0,Site3,b_5_m,S3
Milliq_S3_b5,Milliq_S3_b5,2772.59,0.88,-28.64,1.0,2772.59,Yes,Yes,1.0,Site3,b_5_m,S3
Milliq_S3_b5,Milliq_S3_b5,440.32,0.28,-22.65,1.0,440.32,Yes,Yes,1.0,Site3,b_5_m,S3
Milliq_S3_b5,Milliq_S3_b5,294.06,0.2,-21.14,1.0,294.06,Yes,Yes,1.0,Site3,b_5_m,S3
Milliq_S3_b5,Milliq_S3_b5,718.66,0.42,-24.63,1.0,718.66,Yes,Yes,1.0,Site3,b_5_m,S3
Milliq_S3_b5,Milliq_S3_b5,2389.01,0.83,-27.89,1.0,2389.01,Yes,Yes,1.0,Site3,b_5_m,S3
Milliq_S3_b5,Milliq_S3_b5,896.7,0.49,-25.47,1.0,896.7,Yes,Yes,1.0,Site3,b_5_m,S3
Milliq_S3_b5,Milliq_S3_b5,56.75,0.04,-17.0,1.0,56.75,Yes,Yes,1.0,Site3,b_5_m,S3
Milliq_S3_b5,Milliq_S3_b5,561.62,0.34,-23.9,1.0,561.62,Yes,Yes,1.0,Site3,b_5_m,S3
Milliq_S3_b5,Milliq_S3_b5,3696.78,0.94,-29.62,1.0,3696.78,Yes,Yes,1.0,Site3,b_5_m,S3
Milliq_S3_b5,Milliq_S3_b5,1642.86,0.71,-27.06,1.0,1642.86,Yes,Yes,1.0,Site3,b_5_m,S3
Milliq_S3_b5,Milliq_S3_b5,1423.79,0.66,-26.64,1.0,1423.79,Yes,Yes,1.0,Site3,b_5_m,S3
Milliq_S3_b5,Milliq_S3_b5,3491.25,0.93,-29.13,1.0,3491.25,Yes,Yes,1.0,Site3,b_5_m,S3
Milliq_S3_b5,Milliq_S3_b5,1102.24,0.56,-25.79,1.0,1102.24,Yes,Yes,1.0,Site3,b_5_m,S3
Milliq_S3_b5,Milliq_S3_b5,1134.37,0.57,-25.94,1.0,1134.37,Yes,Yes,1.0,Site3,b_5_m,S3
Milliq_S3_b5,Milliq_S3_b5,817.47,0.46,-24.95,1.0,817.47,Yes,Yes,1.0,Site3,b_5_m,S3
Milliq_S3_b5,Milliq_S3_b5,626.67,0.38,-24.15,1.0,626.67,Yes,Yes,1.0,Site3,b_5_m,S3
Milliq_S3_b5,Milliq_S3_b5,3156.16,0.91,-28.86,1.0,3156.16,Yes,Yes,1.0,Site3,b_5_m,S3
Milliq_S3_b5,Milliq_S3_b5,2888.6,0.89,-28.67,1.0,2888.6,Yes,Yes,1.0,Site3,b_5_m,S3
Milliq_S3_b5,Milliq_S3_b5,1383.98,0.65,-26.55,1.0,1383.98,Yes,Yes,1.0,Site3,b_5_m,S3
Milliq_S3_b5,Milliq_S3_b5,980.94,0.52,-25.64,1.0,980.94,Yes,Yes,1.0,Site3,b_5_m,S3
Milliq_S3_b5,Milliq_S3_b5,952.27,0.51,-25.55,1.0,952.27,Yes,Yes,1.0,Site3,b_5_m,S3
Milliq_S3_b5,Milliq_S3_b5,4620.98,0.97,-30.17,1.0,4620.98,Yes,Yes,1.0,Site3,b_5_m,S3
Milliq_S3_b5,Milliq_S3_b5,2159.88,0.8,-27.45,1.0,2159.88,Yes,Yes,1.0,Site3,b_5_m,S3
Milliq_S3_b5,Milliq_S3_b5,2475.06,0.84,-28.09,1.0,2475.06,Yes,Yes,1.0,Site3,b_5_m,S3
Milliq_S3_b5,Milliq_S3_b5,1464.82,0.67,-26.66,1.0,1464.82,Yes,Yes,1.0,Site3,b_5_m,S3
Milliq_S3_b5,Milliq_S3_b5,1905.14,0.76,-27.13,1.0,1905.14,Yes,Yes,1.0,Site3,b_5_m,S3
Milliq_S3_b5,Milliq_S3_b5,1010.25,0.53,-25.66,1.0,1010.25,Yes,Yes,1.0,Site3,b_5_m,S3
Milliq_S3_b5,Milliq_S3_b5,5161.6,0.98,-30.72,1.0,5161.6,Yes,Yes,1.0,Site3,b_5_m,S3
Milliq_S3_b5,Milliq_S3_b5,1167.29,0.58,-26.04,1.0,1167.29,Yes,Yes,1.0,Site3,b_5_m,S3
Milliq_S3_b5,Milliq_S3_b5,178.04,0.13,-19.92,1.0,178.04,Yes,Yes,1.0,Site3,b_5_m,S3
Milliq_S3_b5,Milliq_S3_b5,479.54,0.3,-23.15,1.0,479.54,Yes,Yes,1.0,Site3,b_5_m,S3
Milliq_S3_b5,Milliq_S3_b5,1345.33,0.64,-26.53,1.0,1345.33,Yes,Yes,1.0,Site3,b_5_m,S3
Milliq_S3_b5,Milliq_S3_b5,1691.35,0.72,-27.07,1.0,1691.35,Yes,Yes,1.0,Site3,b_5_m,S3
Milliq_S3_b5,Milliq_S3_b5,1964.41,0.77,-27.21,1.0,1964.41,Yes,Yes,1.0,Site3,b_5_m,S3
Milliq_S3_b5,Milliq_S3_b5,499.59,0.31,-23.22,1.0,499.59,Yes,Yes,1.0,Site3,b_5_m,S3
Milliq_S3_b5,Milliq_S3_b5,421.14,0.27,-22.54,1.0,421.14,Yes,Yes,1.0,Site3,b_5_m,S3
Milliq_S3_b5,Milliq_S3_b5,2665.87,0.86,-28.51,1.0,2665.87,Yes,Yes,1.0,Site3,b_5_m,S3
Milliq_S3_b5,Milliq_S3_b5,329.15,0.22,-21.9,1.0,329.15,Yes,Yes,1.0,Site3,b_5_m,S3
Milliq_S3_b5,Milliq_S3_b5,1235.68,0.6,-26.4,1.0,1235.68,Yes,Yes,1.0,Site3,b_5_m,S3
Milliq_S3_b5,Milliq_S3_b5,671.87,0.4,-24.43,1.0,671.87,Yes,Yes,1.0,Site3,b_5_m,S3
Milliq_S3_b5,Milliq_S3_b5,519.95,0.32,-23.47,1.0,519.95,Yes,Yes,1.0,Site3,b_5_m,S3
Milliq_S3_b5,Milliq_S3_b5,226.53,0.16,-20.41,1.0,226.53,Yes,Yes,1.0,Site3,b_5_m,S3
Milliq_S3_b5,Milliq_S3_b5,3313.21,0.92,-28.94,1.0,3313.21,Yes,Yes,1.0,Site3,b_5_m,S3
Milliq_S3_b5,Milliq_S3_b5,2308.18,0.82,-27.76,1.0,2308.18,Yes,Yes,1.0,Site3,b_5_m,S3
Milliq_S3_b5,Milliq_S3_b5,6085.8,0.99,-31.07,1.0,6085.8,Yes,Yes,1.0,Site3,b_5_m,S3
Milliq_S3_b5,Milliq_S3_b5,459.79,0.29,-22.82,1.0,459.79,Yes,Yes,1.0,Site3,b_5_m,S3
Milliq_S3_b5,Milliq_S3_b5,,,,1.0,,Yes,Yes,1.0,Site3,b_5_m,S3
Milliq_S3_b5,Milliq_S3_b5,4237.41,0.96,-29.95,1.0,4237.41,Yes,Yes,1.0,Site3,b_5_m,S3
Milliq_S3_b5,Milliq_S3_b5,1201.05,0.59,-26.08,1.0,1201.05,Yes,Yes,1.0,Site3,b_5_m,S3
Milliq_S3_b5,Milliq_S3_b5,1741.67,0.73,-27.1,1.0,1741.67,Yes,Yes,1.0,Site3,b_5_m,S3
Milliq_S3_b5,Milliq_S3_b5,28.07,0.02,-16.28,1.0,28.07,Yes,Yes,1.0,Site3,b_5_m,S3
Milliq_S3_b5,Milliq_S3_b5,131.25,0.09,-19.56,1.0,131.25,Yes,Yes,1.0,Site3,b_5_m,S3
Milliq_S3_b5,Milliq_S3_b5,259.87,0.18,-20.52,1.0,259.87,Yes,Yes,1.0,Site3,b_5_m,S3
Milliq_S3_b5,Milliq_S3_b5,1070.86,0.55,-25.71,1.0,1070.86,Yes,Yes,1.0,Site3,b_5_m,S3
Milliq_S3_b5,Milliq_S3_b5,162.26,0.11,-19.84,1.0,162.26,Yes,Yes,1.0,Site3,b_5_m,S3
Milliq_S3_b5,Milliq_S3_b5,100.95,0.07,-18.45,1.0,100.95,Yes,Yes,1.0,Site3,b_5_m,S3
Milliq_S3_b5,Milliq_S3_b5,3015.68,0.9,-28.75,1.0,3015.68,Yes,Yes,1.0,Site3,b_5_m,S3
Milliq_S3_b5,Milliq_S3_b5,3939.88,0.95,-29.94,1.0,3939.88,Yes,Yes,1.0,Site3,b_5_m,S3
Milliq_S3_b5,Milliq_S3_b5,1848.39,0.75,-27.12,1.0,1848.39,Yes,Yes,1.0,Site3,b_5_m,S3
Milliq_S3_b5,Milliq_S3_b5,402.22,0.26,-22.46,1.0,402.22,Yes,Yes,1.0,Site3,b_5_m,S3
Milliq_S3_b5,Milliq_S3_b5,42.33,0.03,-16.97,1.0,42.33,Yes,Yes,1.0,Site3,b_5_m,S3
Milliq_S3_b5,Milliq_S3_b5,365.18,0.24,-22.13,1.0,365.18,Yes,Yes,1.0,Site3,b_5_m,S3
Milliq_S3_b5,Milliq_S3_b5,1271.24,0.61,-26.42,1.0,1271.24,Yes,Yes,1.0,Site3,b_5_m,S3
Milliq_S3_b5,Milliq_S3_b5,71.32,0.05,-18.32,1.0,71.32,Yes,Yes,1.0,Site3,b_5_m,S3
Milliq_S3_b5,Milliq_S3_b5,742.69,0.43,-24.64,1.0,742.69,Yes,Yes,1.0,Site3,b_5_m,S3
Milliq_S3_b5,Milliq_S3_b5,194.01,0.14,-20.2,1.0,194.01,Yes,Yes,1.0,Site3,b_5_m,S3
Milliq_S3_b5,Milliq_S3_b5,695.06,0.41,-24.56,1.0,695.06,Yes,Yes,1.0,Site3,b_5_m,S3
Milliq_S3_b5,Milliq_S3_b5,649.08,0.39,-24.37,1.0,649.08,Yes,Yes,1.0,Site3,b_5_m,S3
Milliq_S3_b5,Milliq_S3_b5,276.85,0.19,-20.6,1.0,276.85,Yes,Yes,1.0,Site3,b_5_m,S3
Milliq_S3_b5,Milliq_S3_b5,582.95,0.35,-23.94,1.0,582.95,Yes,Yes,1.0,Site3,b_5_m,S3
Milliq_S3_b5,Milliq_S3_b5,869.77,0.48,-25.45,1.0,869.77,Yes,Yes,1.0,Site3,b_5_m,S3
Milliq_S3_b5,Milliq_S3_b5,2231.97,0.81,-27.5,1.0,2231.97,Yes,Yes,1.0,Site3,b_5_m,S3
Milliq_S3_b5,Milliq_S3_b5,2567.05,0.85,-28.32,1.0,2567.05,Yes,Yes,1.0,Site3,b_5_m,S3
Milliq_S3_b5,Milliq_S3_b5,843.36,0.47,-25.09,1.0,843.36,Yes,Yes,1.0,Site3,b_5_m,S3
Milliq_S3_b5,Milliq_S3_b5,924.2,0.5,-25.55,1.0,924.2,Yes,Yes,1.0,Site3,b_5_m,S3
Milliq_S3_b5,Milliq_S3_b5,116.02,0.08,-18.91,1.0,116.02,Yes,Yes,1.0,Site3,b_5_m,S3
Milliq_S3_b5,Milliq_S3_b5,243.1,0.17,-20.48,1.0,243.1,Yes,Yes,1.0,Site3,b_5_m,S3
Milliq_S3_b5,Milliq_S3_b5,1307.77,0.63,-26.52,1.0,1307.77,Yes,Yes,1.0,Site3,b_5_m,S3
Milliq_S3_b5,Milliq_S3_b5,383.58,0.25,-22.14,1.0,383.58,Yes,Yes,1.0,Site3,b_5_m,S3
Milliq_S3_b5,Milliq_S3_b5,2091.49,0.79,-27.44,1.0,2091.49,Yes,Yes,1.0,Site3,b_5_m,S3
Milliq_S3_b5,Milliq_S3_b5,767.15,0.44,-24.66,1.0,767.15,Yes,Yes,1.0,Site3,b_5_m,S3
Milliq_S3_b5,Milliq_S3_b5,86.05,0.06,-18.38,1.0,86.05,Yes,Yes,1.0,Site3,b_5_m,S3
Milliq_S3_b5,Milliq_S3_b5,2026.43,0.78,-27.22,1.0,2026.43,Yes,Yes,1.0,Site3,b_5_m,S3
Milliq_S3_b5,Milliq_S3_b5,347.04,0.23,-22.04,1.0,347.04,Yes,Yes,1.0,Site3,b_5_m,S3
Milliq_S3_b5,Milliq_S3_b5,792.08,0.45,-24.75,1.0,792.08,Yes,Yes,1.0,Site3,b_5_m,S3
Milliq_S3_b5,Milliq_S3_b5,1793.96,0.74,-27.11,1.0,1793.96,Yes,Yes,1.0,Site3,b_5_m,S3
Milliq_S3_b5,Milliq_S3_b5,1550.87,0.69,-26.7,1.0,1550.87,Yes,Yes,1.0,Site3,b_5_m,S3
S3_b5,S3_b5,421.14,0.27,-7.33,1.0,421.14,No,,1.0,Site3,b_5_m,S3
S3_b5,S3_b5,869.77,0.48,-7.68,1.0,869.77,No,,1.0,Site3,b_5_m,S3
S3_b5,S3_b5,2389.01,0.83,-8.35,1.0,2389.01,No,,1.0,Site3,b_5_m,S3
S3_b5,S3_b5,3696.78,0.94,-8.61,1.0,3696.78,No,,1.0,Site3,b_5_m,S3
S3_b5,S3_b5,1464.82,0.67,-8.11,1.0,1464.82,No,,1.0,Site3,b_5_m,S3
S3_b5,S3_b5,3313.21,0.92,-8.51,1.0,3313.21,No,,1.0,Site3,b_5_m,S3
S3_b5,S3_b5,1741.67,0.73,-8.19,1.0,1741.67,No,,1.0,Site3,b_5_m,S3
S3_b5,S3_b5,,,,1.0,,No,,1.0,Site3,b_5_m,S3
S3_b5,S3_b5,1307.77,0.63,-7.97,1.0,1307.77,No,,1.0,Site3,b_5_m,S3
S3_b5,S3_b5,1964.41,0.77,-8.21,1.0,1964.41,No,,1.0,Site3,b_5_m,S3
S3_b5,S3_b5,1235.68,0.6,-7.91,1.0,1235.68,No,,1.0,Site3,b_5_m,S3
S3_b5,S3_b5,1167.29,0.58,-7.87,1.0,1167.29,No,,1.0,Site3,b_5_m,S3
S3_b5,S3_b5,1383.98,0.65,-8.07,1.0,1383.98,No,,1.0,Site3,b_5_m,S3
S3_b5,S3_b5,210.17,0.15,-7.13,1.0,210.17,No,,1.0,Site3,b_5_m,S3
S3_b5,S3_b5,243.1,0.17,-7.19,1.0,243.1,No,,1.0,Site3,b_5_m,S3
S3_b5,S3_b5,56.75,0.04,-6.25,1.0,56.75,No,,1.0,Site3,b_5_m,S3
S3_b5,S3_b5,276.85,0.19,-7.27,1.0,276.85,No,,1.0,Site3,b_5_m,S3
S3_b5,S3_b5,146.67,0.1,-6.96,1.0,146.67,No,,1.0,Site3,b_5_m,S3
S3_b5,S3_b5,1550.87,0.69,-8.12,1.0,1550.87,No,,1.0,Site3,b_5_m,S3
S3_b5,S3_b5,2567.05,0.85,-8.37,1.0,2567.05,No,,1.0,Site3,b_5_m,S3
S3_b5,S3_b5,817.47,0.46,-7.65,1.0,817.47,No,,1.0,Site3,b_5_m,S3
S3_b5,S3_b5,671.87,0.4,-7.59,1.0,671.87,No,,1.0,Site3,b_5_m,S3
S3_b5,S3_b5,718.66,0.42,-7.6,1.0,718.66,No,,1.0,Site3,b_5_m,S3
S3_b5,S3_b5,499.59,0.31,-7.5,1.0,499.59,No,,1.0,Site3,b_5_m,S3
S3_b5,S3_b5,5161.6,0.98,-8.93,1.0,5161.6,No,,1.0,Site3,b_5_m,S3
S3_b5,S3_b5,2231.97,0.81,-8.34,1.0,2231.97,No,,1.0,Site3,b_5_m,S3
S3_b5,S3_b5,311.49,0.21,-7.27,1.0,311.49,No,,1.0,Site3,b_5_m,S3
S3_b5,S3_b5,924.2,0.5,-7.69,1.0,924.2,No,,1.0,Site3,b_5_m,S3
S3_b5,S3_b5,459.79,0.29,-7.46,1.0,459.79,No,,1.0,Site3,b_5_m,S3
S3_b5,S3_b5,347.04,0.23,-7.28,1.0,347.04,No,,1.0,Site3,b_5_m,S3
S3_b5,S3_b5,383.58,0.25,-7.29,1.0,383.58,No,,1.0,Site3,b_5_m,S3
S3_b5,S3_b5,86.05,0.06,-6.43,1.0,86.05,No,,1.0,Site3,b_5_m,S3
S3_b5,S3_b5,28.07,0.02,-6.16,1.0,28.07,No,,1.0,Site3,b_5_m,S3
S3_b5,S3_b5,582.95,0.35,-7.51,1.0,582.95,No,,1.0,Site3,b_5_m,S3
S3_b5,S3_b5,1040.21,0.54,-7.74,1.0,1040.21,No,,1.0,Site3,b_5_m,S3
S3_b5,S3_b5,3015.68,0.9,-8.42,1.0,3015.68,No,,1.0,Site3,b_5_m,S3
S3_b5,S3_b5,4237.41,0.96,-8.65,1.0,4237.41,No,,1.0,Site3,b_5_m,S3
S3_b5,S3_b5,178.04,0.13,-7.06,1.0,178.04,No,,1.0,Site3,b_5_m,S3
S3_b5,S3_b5,980.94,0.52,-7.73,1.0,980.94,No,,1.0,Site3,b_5_m,S3
S3_b5,S3_b5,767.15,0.44,-7.63,1.0,767.15,No,,1.0,Site3,b_5_m,S3
S3_b5,S3_b5,540.62,0.33,-7.5,1.0,540.62,No,,1.0,Site3,b_5_m,S3
S3_b5,S3_b5,2091.49,0.79,-8.26,1.0,2091.49,No,,1.0,Site3,b_5_m,S3
S3_b5,S3_b5,2772.59,0.88,-8.37,1.0,2772.59,No,,1.0,Site3,b_5_m,S3
S3_b5,S3_b5,1848.39,0.75,-8.2,1.0,1848.39,No,,1.0,Site3,b_5_m,S3
S3_b5,S3_b5,1642.86,0.71,-8.19,1.0,1642.86,No,,1.0,Site3,b_5_m,S3
S3_b5,S3_b5,1102.24,0.56,-7.86,1.0,1102.24,No,,1.0,Site3,b_5_m,S3
S3_b5,S3_b5,626.67,0.38,-7.57,1.0,626.67,No,,1.0,Site3,b_5_m,S3
S3_b5,S3_b5,116.02,0.08,-6.53,1.0,116.02,No,,1.0,Site3,b_5_m,S3
S3_b5_10x,S3_b5,7671.52,0.44,-9.21,1.0,7671.52,No,,10.0,Site3,b_5_m,S3
S3_b5_10x,S3_b5,36967.85,0.94,-11.89,1.0,36967.85,No,,10.0,Site3,b_5_m,S3
S3_b5_10x,S3_b5,23890.13,0.83,-10.43,1.0,23890.13,No,,10.0,Site3,b_5_m,S3
S3_b5_10x,S3_b5,10402.11,0.54,-9.59,1.0,10402.11,No,,10.0,Site3,b_5_m,S3
S3_b5_10x,S3_b5,4995.91,0.31,-8.9,1.0,4995.91,No,,10.0,Site3,b_5_m,S3
S3_b5_10x,S3_b5,4597.87,0.29,-8.79,1.0,4597.87,No,,10.0,Site3,b_5_m,S3
S3_b5_10x,S3_b5,8174.73,0.46,-9.41,1.0,8174.73,No,,10.0,Site3,b_5_m,S3
S3_b5_10x,S3_b5,11672.92,0.58,-9.61,1.0,11672.92,No,,10.0,Site3,b_5_m,S3
S3_b5_10x,S3_b5,17416.69,0.73,-9.99,1.0,17416.69,No,,10.0,Site3,b_5_m,S3
S3_b5_10x,S3_b5,6718.74,0.4,-9.12,1.0,6718.74,No,,10.0,Site3,b_5_m,S3
S3_b5_10x,S3_b5,13839.84,0.65,-9.77,1.0,13839.84,No,,10.0,Site3,b_5_m,S3
S3_b5_10x,S3_b5,11022.38,0.56,-9.61,1.0,11022.38,No,,10.0,Site3,b_5_m,S3
S3_b5_10x,S3_b5,22319.69,0.81,-10.35,1.0,22319.69,No,,10.0,Site3,b_5_m,S3
S3_b5_10x,S3_b5,7186.62,0.42,-9.18,1.0,7186.62,No,,10.0,Site3,b_5_m,S3
S3_b5_10x,S3_b5,42374.05,0.96,-12.88,1.0,42374.05,No,,10.0,Site3,b_5_m,S3
S3_b5_10x,S3_b5,567.46,0.04,-7.91,1.0,567.46,No,,10.0,Site3,b_5_m,S3
S3_b5_10x,S3_b5,3114.86,0.21,-8.52,1.0,3114.86,No,,10.0,Site3,b_5_m,S3
S3_b5_10x,S3_b5,19644.08,0.77,-10.3,1.0,19644.08,No,,10.0,Site3,b_5_m,S3
S3_b5_10x,S3_b5,1780.42,0.13,-8.34,1.0,1780.42,No,,10.0,Site3,b_5_m,S3
S3_b5_10x,S3_b5,15508.68,0.69,-9.81,1.0,15508.68,No,,10.0,Site3,b_5_m,S3
S3_b5_10x,S3_b5,3470.44,0.23,-8.54,1.0,3470.44,No,,10.0,Site3,b_5_m,S3
S3_b5_10x,S3_b5,27725.89,0.88,-10.48,1.0,27725.89,No,,10.0,Site3,b_5_m,S3
S3_b5_10x,S3_b5,8697.67,0.48,-9.44,1.0,8697.67,No,,10.0,Site3,b_5_m,S3
S3_b5_10x,S3_b5,30156.84,0.9,-10.92,1.0,30156.84,No,,10.0,Site3,b_5_m,S3
S3_b5_10x,S3_b5,12356.83,0.6,-9.65,1.0,12356.83,No,,10.0,Site3,b_5_m,S3
S3_b5_10x,S3_b5,51616.02,0.98,-13.5,1.0,51616.02,No,,10.0,Site3,b_5_m,S3
S3_b5_10x,S3_b5,18483.92,0.75,-10.17,1.0,18483.92,No,,10.0,Site3,b_5_m,S3
S3_b5_10x,S3_b5,6266.72,0.38,-9.1,1.0,6266.72,No,,10.0,Site3,b_5_m,S3
S3_b5_10x,S3_b5,4211.37,0.27,-8.75,1.0,4211.37,No,,10.0,Site3,b_5_m,S3
S3_b5_10x,S3_b5,33132.09,0.92,-11.07,1.0,33132.09,No,,10.0,Site3,b_5_m,S3
S3_b5_10x,S3_b5,13077.72,0.63,-9.74,1.0,13077.72,No,,10.0,Site3,b_5_m,S3
S3_b5_10x,S3_b5,280.71,0.02,-7.44,1.0,280.71,No,,10.0,Site3,b_5_m,S3
S3_b5_10x,S3_b5,1466.68,0.1,-8.25,1.0,1466.68,No,,10.0,Site3,b_5_m,S3
S3_b5_10x,S3_b5,25670.55,0.85,-10.46,1.0,25670.55,No,,10.0,Site3,b_5_m,S3
S3_b5_10x,S3_b5,2101.72,0.15,-8.35,1.0,2101.72,No,,10.0,Site3,b_5_m,S3
S3_b5_10x,S3_b5,2430.95,0.17,-8.49,1.0,2430.95,No,,10.0,Site3,b_5_m,S3
S3_b5_10x,S3_b5,,,,1.0,,No,,10.0,Site3,b_5_m,S3
S3_b5_10x,S3_b5,9241.96,0.5,-9.45,1.0,9241.96,No,,10.0,Site3,b_5_m,S3
S3_b5_10x,S3_b5,5406.2,0.33,-9.0,1.0,5406.2,No,,10.0,Site3,b_5_m,S3
S3_b5_10x,S3_b5,9809.42,0.52,-9.56,1.0,9809.42,No,,10.0,Site3,b_5_m,S3
S3_b5_10x,S3_b5,14648.16,0.67,-9.8,1.0,14648.16,No,,10.0,Site3,b_5_m,S3
S3_b5_10x,S3_b5,16428.58,0.71,-9.95,1.0,16428.58,No,,10.0,Site3,b_5_m,S3
S3_b5_10x,S3_b5,1160.15,0.08,-8.25,1.0,1160.15,No,,10.0,Site3,b_5_m,S3
S3_b5_10x,S3_b5,5829.52,0.35,-9.02,1.0,5829.52,No,,10.0,Site3,b_5_m,S3
S3_b5_10x,S3_b5,3835.76,0.25,-8.59,1.0,3835.76,No,,10.0,Site3,b_5_m,S3
S3_b5_10x,S3_b5,2768.52,0.19,-8.52,1.0,2768.52,No,,10.0,Site3,b_5_m,S3
S3_b5_10x,S3_b5,20914.88,0.79,-10.33,1.0,20914.88,No,,10.0,Site3,b_5_m,S3
S3_b5_10x,S3_b5,860.51,0.06,-8.14,1.0,860.51,No,,10.0,Site3,b_5_m,S3
S3_b5_100x,S3_b5,301568.41,0.9,-21.03,1.0,301568.41,No,,100.0,Site3,b_5_m,S3
S3_b5_100x,S3_b5,38357.61,0.25,-10.62,1.0,38357.61,No,,100.0,Site3,b_5_m,S3
S3_b5_100x,S3_b5,8605.14,0.06,-8.85,1.0,8605.14,No,,100.0,Site3,b_5_m,S3
S3_b5_100x,S3_b5,369678.5,0.94,-21.43,1.0,369678.5,No,,100.0,Site3,b_5_m,S3
S3_b5_100x,S3_b5,516160.16,0.98,-21.75,1.0,516160.16,No,,100.0,Site3,b_5_m,S3
S3_b5_100x,S3_b5,54062.01,0.33,-12.49,1.0,54062.01,No,,100.0,Site3,b_5_m,S3
S3_b5_100x,S3_b5,86976.69,0.48,-14.98,1.0,86976.69,No,,100.0,Site3,b_5_m,S3
S3_b5_100x,S3_b5,277258.87,0.88,-20.85,1.0,277258.87,No,,100.0,Site3,b_5_m,S3
S3_b5_100x,S3_b5,138398.35,0.65,-17.28,1.0,138398.35,No,,100.0,Site3,b_5_m,S3
S3_b5_100x,S3_b5,71866.2,0.42,-14.15,1.0,71866.2,No,,100.0,Site3,b_5_m,S3
S3_b5_100x,S3_b5,31148.65,0.21,-10.51,1.0,31148.65,No,,100.0,Site3,b_5_m,S3
S3_b5_100x,S3_b5,130777.23,0.63,-17.05,1.0,130777.23,No,,100.0,Site3,b_5_m,S3
S3_b5_100x,S3_b5,123568.27,0.6,-16.91,1.0,123568.27,No,,100.0,Site3,b_5_m,S3
S3_b5_100x,S3_b5,17804.19,0.13,-9.65,1.0,17804.19,No,,100.0,Site3,b_5_m,S3
S3_b5_100x,S3_b5,223196.86,0.81,-19.45,1.0,223196.86,No,,100.0,Site3,b_5_m,S3
S3_b5_100x,S3_b5,2807.12,0.02,-8.32,1.0,2807.12,No,,100.0,Site3,b_5_m,S3
S3_b5_100x,S3_b5,27685.25,0.19,-9.98,1.0,27685.25,No,,100.0,Site3,b_5_m,S3
S3_b5_100x,S3_b5,45978.73,0.29,-11.33,1.0,45978.73,No,,100.0,Site3,b_5_m,S3
S3_b5_100x,S3_b5,14666.79,0.1,-9.55,1.0,14666.79,No,,100.0,Site3,b_5_m,S3
S3_b5_100x,S3_b5,164285.82,0.71,-17.98,1.0,164285.82,No,,100.0,Site3,b_5_m,S3
S3_b5_100x,S3_b5,116729.16,0.58,-15.99,1.0,116729.16,No,,100.0,Site3,b_5_m,S3
S3_b5_100x,S3_b5,5674.62,0.04,-8.84,1.0,5674.62,No,,100.0,Site3,b_5_m,S3
S3_b5_100x,S3_b5,92419.62,0.5,-15.11,1.0,92419.62,No,,100.0,Site3,b_5_m,S3
S3_b5_100x,S3_b5,,,,1.0,,No,,100.0,Site3,b_5_m,S3
S3_b5_100x,S3_b5,11601.52,0.08,-9.38,1.0,11601.52,No,,100.0,Site3,b_5_m,S3
S3_b5_100x,S3_b5,209148.79,0.79,-18.48,1.0,209148.79,No,,100.0,Site3,b_5_m,S3
S3_b5_100x,S3_b5,423740.5,0.96,-21.74,1.0,423740.5,No,,100.0,Site3,b_5_m,S3
S3_b5_100x,S3_b5,256705.45,0.85,-20.83,1.0,256705.45,No,,100.0,Site3,b_5_m,S3
S3_b5_100x,S3_b5,331320.89,0.92,-21.15,1.0,331320.89,No,,100.0,Site3,b_5_m,S3
S3_b5_100x,S3_b5,238901.26,0.83,-19.92,1.0,238901.26,No,,100.0,Site3,b_5_m,S3
S3_b5_100x,S3_b5,34704.41,0.23,-10.6,1.0,34704.41,No,,100.0,Site3,b_5_m,S3
S3_b5_100x,S3_b5,146481.64,0.67,-17.33,1.0,146481.64,No,,100.0,Site3,b_5_m,S3
S3_b5_100x,S3_b5,58295.17,0.35,-13.17,1.0,58295.17,No,,100.0,Site3,b_5_m,S3
S3_b5_100x,S3_b5,110223.81,0.56,-15.6,1.0,110223.81,No,,100.0,Site3,b_5_m,S3
S3_b5_100x,S3_b5,81747.26,0.46,-14.62,1.0,81747.26,No,,100.0,Site3,b_5_m,S3
S3_b5_100x,S3_b5,174166.89,0.73,-18.07,1.0,174166.89,No,,100.0,Site3,b_5_m,S3
S3_b5_100x,S3_b5,67187.36,0.4,-13.6,1.0,67187.36,No,,100.0,Site3,b_5_m,S3
S3_b5_100x,S3_b5,42113.73,0.27,-10.96,1.0,42113.73,No,,100.0,Site3,b_5_m,S3
S3_b5_100x,S3_b5,21017.19,0.15,-9.77,1.0,21017.19,No,,100.0,Site3,b_5_m,S3
S3_b5_100x,S3_b5,24309.54,0.17,-9.79,1.0,24309.54,No,,100.0,Site3,b_5_m,S3
S3_b5_100x,S3_b5,104021.14,0.54,-15.5,1.0,104021.14,No,,100.0,Site3,b_5_m,S3
S3_b5_100x,S3_b5,196440.76,0.77,-18.48,1.0,196440.76,No,,100.0,Site3,b_5_m,S3
S3_b5_100x,S3_b5,184839.25,0.75,-18.26,1.0,184839.25,No,,100.0,Site3,b_5_m,S3
S3_b5_100x,S3_b5,62667.15,0.38,-13.27,1.0,62667.15,No,,100.0,Site3,b_5_m,S3
S3_b5_100x,S3_b5,155086.77,0.69,-17.81,1.0,155086.77,No,,100.0,Site3,b_5_m,S3
S3_b5_100x,S3_b5,49959.13,0.31,-11.61,1.0,49959.13,No,,100.0,Site3,b_5_m,S3
S3_b5_100x,S3_b5,98094.24,0.52,-15.45,1.0,98094.24,No,,100.0,Site3,b_5_m,S3
S3_b5_100x,S3_b5,76715.22,0.44,-14.6,1.0,76715.22,No,,100.0,Site3,b_5_m,S3
S3_b5_1000x,S3_b5,626671.51,0.38,-21.85,1.0,626671.51,No,,1000.0,Site3,b_5_m,S3
S3_b5_1000x,S3_b5,347044.14,0.23,-20.97,1.0,347044.14,No,,1000.0,Site3,b_5_m,S3
S3_b5_1000x,S3_b5,540620.14,0.33,-21.49,1.0,540620.14,No,,1000.0,Site3,b_5_m,S3
S3_b5_1000x,S3_b5,56746.16,0.04,-9.8,1.0,56746.16,No,,1000.0,Site3,b_5_m,S3
S3_b5_1000x,S3_b5,116015.16,0.08,-17.69,1.0,116015.16,No,,1000.0,Site3,b_5_m,S3
S3_b5_1000x,S3_b5,5161601.56,0.98,-26.07,1.0,5161601.56,No,,1000.0,Site3,b_5_m,S3
S3_b5_1000x,S3_b5,1383983.54,0.65,-23.74,1.0,1383983.54,No,,1000.0,Site3,b_5_m,S3
S3_b5_1000x,S3_b5,28071.21,0.02,-9.56,1.0,28071.21,No,,1000.0,Site3,b_5_m,S3
S3_b5_1000x,S3_b5,1040211.42,0.54,-23.27,1.0,1040211.42,No,,1000.0,Site3,b_5_m,S3
S3_b5_1000x,S3_b5,421137.26,0.27,-21.18,1.0,421137.26,No,,1000.0,Site3,b_5_m,S3
S3_b5_1000x,S3_b5,1550867.75,0.69,-23.97,1.0,1550867.75,No,,1000.0,Site3,b_5_m,S3
S3_b5_1000x,S3_b5,4237405.0,0.96,-25.93,1.0,4237405.0,No,,1000.0,Site3,b_5_m,S3
S3_b5_1000x,S3_b5,2567054.51,0.85,-25.02,1.0,2567054.51,No,,1000.0,Site3,b_5_m,S3
S3_b5_1000x,S3_b5,924196.24,0.5,-22.76,1.0,924196.24,No,,1000.0,Site3,b_5_m,S3
S3_b5_1000x,S3_b5,2389012.6,0.83,-24.99,1.0,2389012.6,No,,1000.0,Site3,b_5_m,S3
S3_b5_1000x,S3_b5,178041.86,0.13,-18.72,1.0,178041.86,No,,1000.0,Site3,b_5_m,S3
S3_b5_1000x,S3_b5,980942.38,0.52,-23.25,1.0,980942.38,No,,1000.0,Site3,b_5_m,S3
S3_b5_1000x,S3_b5,718662.01,0.42,-22.35,1.0,718662.01,No,,1000.0,Site3,b_5_m,S3
S3_b5_1000x,S3_b5,3696784.96,0.94,-25.65,1.0,3696784.96,No,,1000.0,Site3,b_5_m,S3
S3_b5_1000x,S3_b5,,,,1.0,,No,,1000.0,Site3,b_5_m,S3
S3_b5_1000x,S3_b5,276852.49,0.19,-19.71,1.0,276852.49,No,,1000.0,Site3,b_5_m,S3
S3_b5_1000x,S3_b5,1741668.89,0.73,-24.48,1.0,1741668.89,No,,1000.0,Site3,b_5_m,S3
S3_b5_1000x,S3_b5,86051.36,0.06,-16.47,1.0,86051.36,No,,1000.0,Site3,b_5_m,S3
S3_b5_1000x,S3_b5,2091487.91,0.79,-24.89,1.0,2091487.91,No,,1000.0,Site3,b_5_m,S3
S3_b5_1000x,S3_b5,1307772.34,0.63,-23.74,1.0,1307772.34,No,,1000.0,Site3,b_5_m,S3
S3_b5_1000x,S3_b5,1464816.4,0.67,-23.8,1.0,1464816.4,No,,1000.0,Site3,b_5_m,S3
S3_b5_1000x,S3_b5,1848392.48,0.75,-24.74,1.0,1848392.48,No,,1000.0,Site3,b_5_m,S3
S3_b5_1000x,S3_b5,1964407.63,0.77,-24.83,1.0,1964407.63,No,,1000.0,Site3,b_5_m,S3
S3_b5_1000x,S3_b5,817472.62,0.46,-22.59,1.0,817472.62,No,,1000.0,Site3,b_5_m,S3
S3_b5_1000x,S3_b5,2772588.72,0.88,-25.13,1.0,2772588.72,No,,1000.0,Site3,b_5_m,S3
S3_b5_1000x,S3_b5,210171.92,0.15,-19.05,1.0,210171.92,No,,1000.0,Site3,b_5_m,S3
S3_b5_1000x,S3_b5,459787.32,0.29,-21.28,1.0,459787.32,No,,1000.0,Site3,b_5_m,S3
S3_b5_1000x,S3_b5,243095.41,0.17,-19.21,1.0,243095.41,No,,1000.0,Site3,b_5_m,S3
S3_b5_1000x,S3_b5,1235682.72,0.6,-23.46,1.0,1235682.72,No,,1000.0,Site3,b_5_m,S3
S3_b5_1000x,S3_b5,146667.87,0.1,-18.33,1.0,146667.87,No,,1000.0,Site3,b_5_m,S3
S3_b5_1000x,S3_b5,1167291.64,0.58,-23.39,1.0,1167291.64,No,,1000.0,Site3,b_5_m,S3
S3_b5_1000x,S3_b5,869766.92,0.48,-22.64,1.0,869766.92,No,,1000.0,Site3,b_5_m,S3
S3_b5_1000x,S3_b5,3313208.92,0.92,-25.55,1.0,3313208.92,No,,1000.0,Site3,b_5_m,S3
S3_b5_1000x,S3_b5,767152.19,0.44,-22.48,1.0,767152.19,No,,1000.0,Site3,b_5_m,S3
S3_b5_1000x,S3_b5,582951.75,0.35,-21.59,1.0,582951.75,No,,1000.0,Site3,b_5_m,S3
S3_b5_1000x,S3_b5,3015684.09,0.9,-25.25,1.0,3015684.09,No,,1000.0,Site3,b_5_m,S3
S3_b5_1000x,S3_b5,499591.27,0.31,-21.35,1.0,499591.27,No,,1000.0,Site3,b_5_m,S3
S3_b5_1000x,S3_b5,671873.57,0.4,-22.33,1.0,671873.57,No,,1000.0,Site3,b_5_m,S3
S3_b5_1000x,S3_b5,1642858.23,0.71,-24.22,1.0,1642858.23,No,,1000.0,Site3,b_5_m,S3
S3_b5_1000x,S3_b5,2231968.58,0.81,-24.9,1.0,2231968.58,No,,1000.0,Site3,b_5_m,S3
S3_b5_1000x,S3_b5,1102238.1,0.56,-23.27,1.0,1102238.1,No,,1000.0,Site3,b_5_m,S3
S3_b5_1000x,S3_b5,311486.46,0.21,-19.87,1.0,311486.46,No,,1000.0,Site3,b_5_m,S3
S3_b5_1000x,S3_b5,383576.1,0.25,-21.03,1.0,383576.1,No,,1000.0,Site3,b_5_m,S3
S3_b5_10000x,S3_b5,10402114.2,0.54,-25.9,1.0,10402114.2,No,,10000.0,Site3,b_5_m,S3
S3_b5_10000x,S3_b5,22319685.78,0.81,-26.92,1.0,22319685.78,No,,10000.0,Site3,b_5_m,S3
S3_b5_10000x,S3_b5,14648163.98,0.67,-26.49,1.0,14648163.98,No,,10000.0,Site3,b_5_m,S3
S3_b5_10000x,S3_b5,2768524.86,0.19,-23.06,1.0,2768524.86,No,,10000.0,Site3,b_5_m,S3
S3_b5_10000x,S3_b5,2101719.2,0.15,-22.63,1.0,2101719.2,No,,10000.0,Site3,b_5_m,S3
S3_b5_10000x,S3_b5,51616015.61,0.98,-28.5,1.0,51616015.61,No,,10000.0,Site3,b_5_m,S3
S3_b5_10000x,S3_b5,8697669.23,0.48,-25.48,1.0,8697669.23,No,,10000.0,Site3,b_5_m,S3
S3_b5_10000x,S3_b5,11672916.39,0.58,-26.25,1.0,11672916.39,No,,10000.0,Site3,b_5_m,S3
S3_b5_10000x,S3_b5,36967849.63,0.94,-28.04,1.0,36967849.63,No,,10000.0,Site3,b_5_m,S3
S3_b5_10000x,S3_b5,20914879.12,0.79,-26.82,1.0,20914879.12,No,,10000.0,Site3,b_5_m,S3
S3_b5_10000x,S3_b5,16428582.26,0.71,-26.55,1.0,16428582.26,No,,10000.0,Site3,b_5_m,S3
S3_b5_10000x,S3_b5,13077723.37,0.63,-26.45,1.0,13077723.37,No,,10000.0,Site3,b_5_m,S3
S3_b5_10000x,S3_b5,,,,1.0,,No,,10000.0,Site3,b_5_m,S3
S3_b5_10000x,S3_b5,33132089.2,0.92,-28.0,1.0,33132089.2,No,,10000.0,Site3,b_5_m,S3
S3_b5_10000x,S3_b5,4995912.66,0.31,-24.13,1.0,4995912.66,No,,10000.0,Site3,b_5_m,S3
S3_b5_10000x,S3_b5,3114864.63,0.21,-23.27,1.0,3114864.63,No,,10000.0,Site3,b_5_m,S3
S3_b5_10000x,S3_b5,3470441.37,0.23,-23.28,1.0,3470441.37,No,,10000.0,Site3,b_5_m,S3
S3_b5_10000x,S3_b5,13839835.43,0.65,-26.46,1.0,13839835.43,No,,10000.0,Site3,b_5_m,S3
S3_b5_10000x,S3_b5,860513.62,0.06,-21.07,1.0,860513.62,No,,10000.0,Site3,b_5_m,S3
S3_b5_10000x,S3_b5,5829517.49,0.35,-24.44,1.0,5829517.49,No,,10000.0,Site3,b_5_m,S3
S3_b5_10000x,S3_b5,7186620.09,0.42,-25.3,1.0,7186620.09,No,,10000.0,Site3,b_5_m,S3
S3_b5_10000x,S3_b5,3835760.97,0.25,-23.49,1.0,3835760.97,No,,10000.0,Site3,b_5_m,S3
S3_b5_10000x,S3_b5,6266715.06,0.38,-25.01,1.0,6266715.06,No,,10000.0,Site3,b_5_m,S3
S3_b5_10000x,S3_b5,4211372.6,0.27,-23.55,1.0,4211372.6,No,,10000.0,Site3,b_5_m,S3
S3_b5_10000x,S3_b5,9809423.84,0.52,-25.83,1.0,9809423.84,No,,10000.0,Site3,b_5_m,S3
S3_b5_10000x,S3_b5,30156840.89,0.9,-27.71,1.0,30156840.89,No,,10000.0,Site3,b_5_m,S3
S3_b5_10000x,S3_b5,25670545.13,0.85,-27.62,1.0,25670545.13,No,,10000.0,Site3,b_5_m,S3
S3_b5_10000x,S3_b5,15508677.46,0.69,-26.51,1.0,15508677.46,No,,10000.0,Site3,b_5_m,S3
S3_b5_10000x,S3_b5,42374050.0,0.96,-28.05,1.0,42374050.0,No,,10000.0,Site3,b_5_m,S3
S3_b5_10000x,S3_b5,11022380.98,0.56,-26.05,1.0,11022380.98,No,,10000.0,Site3,b_5_m,S3
S3_b5_10000x,S3_b5,2430954.14,0.17,-22.75,1.0,2430954.14,No,,10000.0,Site3,b_5_m,S3
S3_b5_10000x,S3_b5,12356827.2,0.6,-26.36,1.0,12356827.2,No,,10000.0,Site3,b_5_m,S3
S3_b5_10000x,S3_b5,1780418.57,0.13,-22.5,1.0,1780418.57,No,,10000.0,Site3,b_5_m,S3
S3_b5_10000x,S3_b5,4597873.21,0.29,-23.85,1.0,4597873.21,No,,10000.0,Site3,b_5_m,S3
S3_b5_10000x,S3_b5,5406201.37,0.33,-24.38,1.0,5406201.37,No,,10000.0,Site3,b_5_m,S3
S3_b5_10000x,S3_b5,7671521.93,0.44,-25.34,1.0,7671521.93,No,,10000.0,Site3,b_5_m,S3
S3_b5_10000x,S3_b5,19644076.31,0.77,-26.79,1.0,19644076.31,No,,10000.0,Site3,b_5_m,S3
S3_b5_10000x,S3_b5,23890125.99,0.83,-27.31,1.0,23890125.99,No,,10000.0,Site3,b_5_m,S3
S3_b5_10000x,S3_b5,1466678.65,0.1,-21.7,1.0,1466678.65,No,,10000.0,Site3,b_5_m,S3
S3_b5_10000x,S3_b5,280712.08,0.02,-20.82,1.0,280712.08,No,,10000.0,Site3,b_5_m,S3
S3_b5_10000x,S3_b5,18483924.81,0.75,-26.68,1.0,18483924.81,No,,10000.0,Site3,b_5_m,S3
S3_b5_10000x,S3_b5,1160151.64,0.08,-21.36,1.0,1160151.64,No,,10000.0,Site3,b_5_m,S3
S3_b5_10000x,S3_b5,6718735.67,0.4,-25.13,1.0,6718735.67,No,,10000.0,Site3,b_5_m,S3
S3_b5_10000x,S3_b5,17416688.88,0.73,-26.64,1.0,17416688.88,No,,10000.0,Site3,b_5_m,S3
S3_b5_10000x,S3_b5,27725887.22,0.88,-27.66,1.0,27725887.22,No,,10000.0,Site3,b_5_m,S3
S3_b5_10000x,S3_b5,567461.57,0.04,-20.96,1.0,567461.57,No,,10000.0,Site3,b_5_m,S3
S3_b5_10000x,S3_b5,8174726.22,0.46,-25.47,1.0,8174726.22,No,,10000.0,Site3,b_5_m,S3
S3_b5_10000x,S3_b5,9241962.41,0.5,-25.69,1.0,9241962.41,No,,10000.0,Site3,b_5_m,S3
S3_b5_100000x,S3_b5,11601516.45,0.08,-22.21,1.0,11601516.45,No,,100000.0,Site3,b_5_m,S3
S3_b5_100000x,S3_b5,21017192.04,0.15,-22.7,1.0,21017192.04,No,,100000.0,Site3,b_5_m,S3
S3_b5_100000x,S3_b5,331320891.97,0.92,-30.3,1.0,331320891.97,No,,100000.0,Site3,b_5_m,S3
S3_b5_100000x,S3_b5,5674615.72,0.04,-20.77,1.0,5674615.72,No,,100000.0,Site3,b_5_m,S3
S3_b5_100000x,S3_b5,92419624.07,0.5,-26.76,1.0,92419624.07,No,,100000.0,Site3,b_5_m,S3
S3_b5_100000x,S3_b5,256705451.29,0.85,-29.81,1.0,256705451.29,No,,100000.0,Site3,b_5_m,S3
S3_b5_100000x,S3_b5,238901259.9,0.83,-28.86,1.0,238901259.9,No,,100000.0,Site3,b_5_m,S3
S3_b5_100000x,S3_b5,49959126.59,0.31,-25.48,1.0,49959126.59,No,,100000.0,Site3,b_5_m,S3
S3_b5_100000x,S3_b5,223196857.81,0.81,-28.51,1.0,223196857.81,No,,100000.0,Site3,b_5_m,S3
S3_b5_100000x,S3_b5,423740500.05,0.96,-30.59,1.0,423740500.05,No,,100000.0,Site3,b_5_m,S3
S3_b5_100000x,S3_b5,130777233.73,0.63,-27.69,1.0,130777233.73,No,,100000.0,Site3,b_5_m,S3
S3_b5_100000x,S3_b5,164285822.65,0.71,-28.12,1.0,164285822.65,No,,100000.0,Site3,b_5_m,S3
S3_b5_100000x,S3_b5,34704413.68,0.23,-24.56,1.0,34704413.68,No,,100000.0,Site3,b_5_m,S3
S3_b5_100000x,S3_b5,98094238.4,0.52,-26.76,1.0,98094238.4,No,,100000.0,Site3,b_5_m,S3
S3_b5_100000x,S3_b5,196440763.14,0.77,-28.46,1.0,196440763.14,No,,100000.0,Site3,b_5_m,S3
S3_b5_100000x,S3_b5,58295174.88,0.35,-25.57,1.0,58295174.88,No,,100000.0,Site3,b_5_m,S3
S3_b5_100000x,S3_b5,54062013.75,0.33,-25.49,1.0,54062013.75,No,,100000.0,Site3,b_5_m,S3
S3_b5_100000x,S3_b5,24309541.44,0.17,-23.48,1.0,24309541.44,No,,100000.0,Site3,b_5_m,S3
S3_b5_100000x,S3_b5,301568408.86,0.9,-29.89,1.0,301568408.86,No,,100000.0,Site3,b_5_m,S3
S3_b5_100000x,S3_b5,369678496.3,0.94,-30.33,1.0,369678496.3,No,,100000.0,Site3,b_5_m,S3
S3_b5_100000x,S3_b5,38357609.66,0.25,-24.74,1.0,38357609.66,No,,100000.0,Site3,b_5_m,S3
S3_b5_100000x,S3_b5,14666786.52,0.1,-22.41,1.0,14666786.52,No,,100000.0,Site3,b_5_m,S3
S3_b5_100000x,S3_b5,42113725.98,0.27,-25.2,1.0,42113725.98,No,,100000.0,Site3,b_5_m,S3
S3_b5_100000x,S3_b5,277258872.22,0.88,-29.82,1.0,277258872.22,No,,100000.0,Site3,b_5_m,S3
S3_b5_100000x,S3_b5,110223809.76,0.56,-27.46,1.0,110223809.76,No,,100000.0,Site3,b_5_m,S3
S3_b5_100000x,S3_b5,76715219.32,0.44,-26.41,1.0,76715219.32,No,,100000.0,Site3,b_5_m,S3
S3_b5_100000x,S3_b5,31148646.26,0.21,-24.28,1.0,31148646.26,No,,100000.0,Site3,b_5_m,S3
S3_b5_100000x,S3_b5,155086774.64,0.69,-28.06,1.0,155086774.64,No,,100000.0,Site3,b_5_m,S3
S3_b5_100000x,S3_b5,138398354.33,0.65,-27.93,1.0,138398354.33,No,,100000.0,Site3,b_5_m,S3
S3_b5_100000x,S3_b5,81747262.23,0.46,-26.58,1.0,81747262.23,No,,100000.0,Site3,b_5_m,S3
S3_b5_100000x,S3_b5,86976692.33,0.48,-26.68,1.0,86976692.33,No,,100000.0,Site3,b_5_m,S3
S3_b5_100000x,S3_b5,62667150.57,0.38,-25.59,1.0,62667150.57,No,,100000.0,Site3,b_5_m,S3
S3_b5_100000x,S3_b5,45978732.13,0.29,-25.21,1.0,45978732.13,No,,100000.0,Site3,b_5_m,S3
S3_b5_100000x,S3_b5,67187356.72,0.4,-25.97,1.0,67187356.72,No,,100000.0,Site3,b_5_m,S3
S3_b5_100000x,S3_b5,516160156.12,0.98,-30.74,1.0,516160156.12,No,,100000.0,Site3,b_5_m,S3
S3_b5_100000x,S3_b5,209148791.19,0.79,-28.49,1.0,209148791.19,No,,100000.0,Site3,b_5_m,S3
S3_b5_100000x,S3_b5,116729163.91,0.58,-27.52,1.0,116729163.91,No,,100000.0,Site3,b_5_m,S3
S3_b5_100000x,S3_b5,71866200.86,0.42,-25.98,1.0,71866200.86,No,,100000.0,Site3,b_5_m,S3
S3_b5_100000x,S3_b5,2807120.77,0.02,-15.72,1.0,2807120.77,No,,100000.0,Site3,b_5_m,S3
S3_b5_100000x,S3_b5,123568272.02,0.6,-27.67,1.0,123568272.02,No,,100000.0,Site3,b_5_m,S3
S3_b5_100000x,S3_b5,184839248.15,0.75,-28.42,1.0,184839248.15,No,,100000.0,Site3,b_5_m,S3
S3_b5_100000x,S3_b5,174166888.77,0.73,-28.29,1.0,174166888.77,No,,100000.0,Site3,b_5_m,S3
S3_b5_100000x,S3_b5,27685248.64,0.19,-23.97,1.0,27685248.64,No,,100000.0,Site3,b_5_m,S3
S3_b5_100000x,S3_b5,,,,1.0,,No,,100000.0,Site3,b_5_m,S3
S3_b5_100000x,S3_b5,146481639.82,0.67,-27.94,1.0,146481639.82,No,,100000.0,Site3,b_5_m,S3
S3_b5_100000x,S3_b5,104021141.98,0.54,-27.32,1.0,104021141.98,No,,100000.0,Site3,b_5_m,S3
S3_b5_100000x,S3_b5,17804185.68,0.13,-22.52,1.0,17804185.68,No,,100000.0,Site3,b_5_m,S3
S3_b5_100000x,S3_b5,8605136.15,0.06,-21.61,1.0,8605136.15,No,,100000.0,Site3,b_5_m,S3
Milliq_S3_b02,Milliq_S3_b02,519.95,0.32,-22.58,1.0,519.95,Yes,Yes,1.0,Site3,b_02_m,S3
Milliq_S3_b02,Milliq_S3_b02,1235.68,0.6,-24.9,1.0,1235.68,Yes,Yes,1.0,Site3,b_02_m,S3
Milliq_S3_b02,Milliq_S3_b02,1040.21,0.54,-24.59,1.0,1040.21,Yes,Yes,1.0,Site3,b_02_m,S3
Milliq_S3_b02,Milliq_S3_b02,3696.78,0.94,-28.82,1.0,3696.78,Yes,Yes,1.0,Site3,b_02_m,S3
Milliq_S3_b02,Milliq_S3_b02,3015.68,0.9,-28.26,1.0,3015.68,Yes,Yes,1.0,Site3,b_02_m,S3
Milliq_S3_b02,Milliq_S3_b02,2159.88,0.8,-26.96,1.0,2159.88,Yes,Yes,1.0,Site3,b_02_m,S3
Milliq_S3_b02,Milliq_S3_b02,162.26,0.11,-20.17,1.0,162.26,Yes,Yes,1.0,Site3,b_02_m,S3
Milliq_S3_b02,Milliq_S3_b02,440.32,0.28,-21.97,1.0,440.32,Yes,Yes,1.0,Site3,b_02_m,S3
Milliq_S3_b02,Milliq_S3_b02,131.25,0.09,-19.98,1.0,131.25,Yes,Yes,1.0,Site3,b_02_m,S3
Milliq_S3_b02,Milliq_S3_b02,146.67,0.1,-20.13,1.0,146.67,Yes,Yes,1.0,Site3,b_02_m,S3
Milliq_S3_b02,Milliq_S3_b02,1848.39,0.75,-26.77,1.0,1848.39,Yes,Yes,1.0,Site3,b_02_m,S3
Milliq_S3_b02,Milliq_S3_b02,1167.29,0.58,-24.67,1.0,1167.29,Yes,Yes,1.0,Site3,b_02_m,S3
Milliq_S3_b02,Milliq_S3_b02,28.07,0.02,-16.27,1.0,28.07,Yes,Yes,1.0,Site3,b_02_m,S3
Milliq_S3_b02,Milliq_S3_b02,13.96,0.01,-14.73,1.0,13.96,Yes,Yes,1.0,Site3,b_02_m,S3
Milliq_S3_b02,Milliq_S3_b02,1550.87,0.69,-26.08,1.0,1550.87,Yes,Yes,1.0,Site3,b_02_m,S3
Milliq_S3_b02,Milliq_S3_b02,792.08,0.45,-23.65,1.0,792.08,Yes,Yes,1.0,Site3,b_02_m,S3
Milliq_S3_b02,Milliq_S3_b02,194.01,0.14,-20.38,1.0,194.01,Yes,Yes,1.0,Site3,b_02_m,S3
Milliq_S3_b02,Milliq_S3_b02,2231.97,0.81,-27.19,1.0,2231.97,Yes,Yes,1.0,Site3,b_02_m,S3
Milliq_S3_b02,Milliq_S3_b02,3491.25,0.93,-28.7,1.0,3491.25,Yes,Yes,1.0,Site3,b_02_m,S3
Milliq_S3_b02,Milliq_S3_b02,1964.41,0.77,-26.86,1.0,1964.41,Yes,Yes,1.0,Site3,b_02_m,S3
Milliq_S3_b02,Milliq_S3_b02,1345.33,0.64,-25.21,1.0,1345.33,Yes,Yes,1.0,Site3,b_02_m,S3
Milliq_S3_b02,Milliq_S3_b02,3313.21,0.92,-28.59,1.0,3313.21,Yes,Yes,1.0,Site3,b_02_m,S3
Milliq_S3_b02,Milliq_S3_b02,767.15,0.44,-23.54,1.0,767.15,Yes,Yes,1.0,Site3,b_02_m,S3
Milliq_S3_b02,Milliq_S3_b02,817.47,0.46,-23.72,1.0,817.47,Yes,Yes,1.0,Site3,b_02_m,S3
Milliq_S3_b02,Milliq_S3_b02,671.87,0.4,-23.23,1.0,671.87,Yes,Yes,1.0,Site3,b_02_m,S3
Milliq_S3_b02,Milliq_S3_b02,1102.24,0.56,-24.64,1.0,1102.24,Yes,Yes,1.0,Site3,b_02_m,S3
Milliq_S3_b02,Milliq_S3_b02,924.2,0.5,-24.21,1.0,924.2,Yes,Yes,1.0,Site3,b_02_m,S3
Milliq_S3_b02,Milliq_S3_b02,843.36,0.47,-23.88,1.0,843.36,Yes,Yes,1.0,Site3,b_02_m,S3
Milliq_S3_b02,Milliq_S3_b02,869.77,0.48,-23.91,1.0,869.77,Yes,Yes,1.0,Site3,b_02_m,S3
Milliq_S3_b02,Milliq_S3_b02,742.69,0.43,-23.54,1.0,742.69,Yes,Yes,1.0,Site3,b_02_m,S3
Milliq_S3_b02,Milliq_S3_b02,1793.96,0.74,-26.75,1.0,1793.96,Yes,Yes,1.0,Site3,b_02_m,S3
Milliq_S3_b02,Milliq_S3_b02,2888.6,0.89,-27.99,1.0,2888.6,Yes,Yes,1.0,Site3,b_02_m,S3
Milliq_S3_b02,Milliq_S3_b02,1741.67,0.73,-26.67,1.0,1741.67,Yes,Yes,1.0,Site3,b_02_m,S3
Milliq_S3_b02,Milliq_S3_b02,718.66,0.42,-23.32,1.0,718.66,Yes,Yes,1.0,Site3,b_02_m,S3
Milliq_S3_b02,Milliq_S3_b02,2308.18,0.82,-27.38,1.0,2308.18,Yes,Yes,1.0,Site3,b_02_m,S3
Milliq_S3_b02,Milliq_S3_b02,1070.86,0.55,-24.62,1.0,1070.86,Yes,Yes,1.0,Site3,b_02_m,S3
Milliq_S3_b02,Milliq_S3_b02,6085.8,0.99,-30.66,1.0,6085.8,Yes,Yes,1.0,Site3,b_02_m,S3
Milliq_S3_b02,Milliq_S3_b02,1464.82,0.67,-25.66,1.0,1464.82,Yes,Yes,1.0,Site3,b_02_m,S3
Milliq_S3_b02,Milliq_S3_b02,4620.98,0.97,-29.74,1.0,4620.98,Yes,Yes,1.0,Site3,b_02_m,S3
Milliq_S3_b02,Milliq_S3_b02,5161.6,0.98,-30.18,1.0,5161.6,Yes,Yes,1.0,Site3,b_02_m,S3
Milliq_S3_b02,Milliq_S3_b02,2389.01,0.83,-27.42,1.0,2389.01,Yes,Yes,1.0,Site3,b_02_m,S3
Milliq_S3_b02,Milliq_S3_b02,2026.43,0.78,-26.86,1.0,2026.43,Yes,Yes,1.0,Site3,b_02_m,S3
Milliq_S3_b02,Milliq_S3_b02,2091.49,0.79,-26.92,1.0,2091.49,Yes,Yes,1.0,Site3,b_02_m,S3
Milliq_S3_b02,Milliq_S3_b02,402.22,0.26,-21.56,1.0,402.22,Yes,Yes,1.0,Site3,b_02_m,S3
Milliq_S3_b02,Milliq_S3_b02,243.1,0.17,-20.54,1.0,243.1,Yes,Yes,1.0,Site3,b_02_m,S3
Milliq_S3_b02,Milliq_S3_b02,178.04,0.13,-20.22,1.0,178.04,Yes,Yes,1.0,Site3,b_02_m,S3
Milliq_S3_b02,Milliq_S3_b02,1507.15,0.68,-26.01,1.0,1507.15,Yes,Yes,1.0,Site3,b_02_m,S3
Milliq_S3_b02,Milliq_S3_b02,1642.86,0.71,-26.49,1.0,1642.86,Yes,Yes,1.0,Site3,b_02_m,S3
Milliq_S3_b02,Milliq_S3_b02,2665.87,0.86,-27.75,1.0,2665.87,Yes,Yes,1.0,Site3,b_02_m,S3
Milliq_S3_b02,Milliq_S3_b02,980.94,0.52,-24.39,1.0,980.94,Yes,Yes,1.0,Site3,b_02_m,S3
Milliq_S3_b02,Milliq_S3_b02,1423.79,0.66,-25.52,1.0,1423.79,Yes,Yes,1.0,Site3,b_02_m,S3
Milliq_S3_b02,Milliq_S3_b02,3156.16,0.91,-28.35,1.0,3156.16,Yes,Yes,1.0,Site3,b_02_m,S3
Milliq_S3_b02,Milliq_S3_b02,1134.37,0.57,-24.66,1.0,1134.37,Yes,Yes,1.0,Site3,b_02_m,S3
Milliq_S3_b02,Milliq_S3_b02,2567.05,0.85,-27.56,1.0,2567.05,Yes,Yes,1.0,Site3,b_02_m,S3
Milliq_S3_b02,Milliq_S3_b02,896.7,0.49,-24.0,1.0,896.7,Yes,Yes,1.0,Site3,b_02_m,S3
Milliq_S3_b02,Milliq_S3_b02,1596.07,0.7,-26.49,1.0,1596.07,Yes,Yes,1.0,Site3,b_02_m,S3
Milliq_S3_b02,Milliq_S3_b02,383.58,0.25,-21.32,1.0,383.58,Yes,Yes,1.0,Site3,b_02_m,S3
Milliq_S3_b02,Milliq_S3_b02,42.33,0.03,-17.84,1.0,42.33,Yes,Yes,1.0,Site3,b_02_m,S3
Milliq_S3_b02,Milliq_S3_b02,210.17,0.15,-20.44,1.0,210.17,Yes,Yes,1.0,Site3,b_02_m,S3
Milliq_S3_b02,Milliq_S3_b02,1201.05,0.59,-24.7,1.0,1201.05,Yes,Yes,1.0,Site3,b_02_m,S3
Milliq_S3_b02,Milliq_S3_b02,421.14,0.27,-21.93,1.0,421.14,Yes,Yes,1.0,Site3,b_02_m,S3
Milliq_S3_b02,Milliq_S3_b02,276.85,0.19,-20.72,1.0,276.85,Yes,Yes,1.0,Site3,b_02_m,S3
Milliq_S3_b02,Milliq_S3_b02,626.67,0.38,-22.94,1.0,626.67,Yes,Yes,1.0,Site3,b_02_m,S3
Milliq_S3_b02,Milliq_S3_b02,459.79,0.29,-22.01,1.0,459.79,Yes,Yes,1.0,Site3,b_02_m,S3
Milliq_S3_b02,Milliq_S3_b02,2772.59,0.88,-27.89,1.0,2772.59,Yes,Yes,1.0,Site3,b_02_m,S3
Milliq_S3_b02,Milliq_S3_b02,1307.77,0.63,-25.14,1.0,1307.77,Yes,Yes,1.0,Site3,b_02_m,S3
Milliq_S3_b02,Milliq_S3_b02,1383.98,0.65,-25.39,1.0,1383.98,Yes,Yes,1.0,Site3,b_02_m,S3
Milliq_S3_b02,Milliq_S3_b02,1010.25,0.53,-24.56,1.0,1010.25,Yes,Yes,1.0,Site3,b_02_m,S3
Milliq_S3_b02,Milliq_S3_b02,294.06,0.2,-20.76,1.0,294.06,Yes,Yes,1.0,Site3,b_02_m,S3
Milliq_S3_b02,Milliq_S3_b02,695.06,0.41,-23.28,1.0,695.06,Yes,Yes,1.0,Site3,b_02_m,S3
Milliq_S3_b02,Milliq_S3_b02,2475.06,0.84,-27.49,1.0,2475.06,Yes,Yes,1.0,Site3,b_02_m,S3
Milliq_S3_b02,Milliq_S3_b02,3939.88,0.95,-29.44,1.0,3939.88,Yes,Yes,1.0,Site3,b_02_m,S3
Milliq_S3_b02,Milliq_S3_b02,1905.14,0.76,-26.78,1.0,1905.14,Yes,Yes,1.0,Site3,b_02_m,S3
Milliq_S3_b02,Milliq_S3_b02,649.08,0.39,-22.96,1.0,649.08,Yes,Yes,1.0,Site3,b_02_m,S3
Milliq_S3_b02,Milliq_S3_b02,540.62,0.33,-22.67,1.0,540.62,Yes,Yes,1.0,Site3,b_02_m,S3
Milliq_S3_b02,Milliq_S3_b02,479.54,0.3,-22.05,1.0,479.54,Yes,Yes,1.0,Site3,b_02_m,S3
Milliq_S3_b02,Milliq_S3_b02,347.04,0.23,-20.99,1.0,347.04,Yes,Yes,1.0,Site3,b_02_m,S3
Milliq_S3_b02,Milliq_S3_b02,311.49,0.21,-20.89,1.0,311.49,Yes,Yes,1.0,Site3,b_02_m,S3
Milliq_S3_b02,Milliq_S3_b02,226.53,0.16,-20.53,1.0,226.53,Yes,Yes,1.0,Site3,b_02_m,S3
Milliq_S3_b02,Milliq_S3_b02,1691.35,0.72,-26.58,1.0,1691.35,Yes,Yes,1.0,Site3,b_02_m,S3
Milliq_S3_b02,Milliq_S3_b02,,,,1.0,,Yes,Yes,1.0,Site3,b_02_m,S3
Milliq_S3_b02,Milliq_S3_b02,1271.24,0.61,-25.09,1.0,1271.24,Yes,Yes,1.0,Site3,b_02_m,S3
Milliq_S3_b02,Milliq_S3_b02,365.18,0.24,-21.3,1.0,365.18,Yes,Yes,1.0,Site3,b_02_m,S3
Milliq_S3_b02,Milliq_S3_b02,604.63,0.36,-22.89,1.0,604.63,Yes,Yes,1.0,Site3,b_02_m,S3
Milliq_S3_b02,Milliq_S3_b02,71.32,0.05,-19.21,1.0,71.32,Yes,Yes,1.0,Site3,b_02_m,S3
Milliq_S3_b02,Milliq_S3_b02,329.15,0.22,-20.93,1.0,329.15,Yes,Yes,1.0,Site3,b_02_m,S3
Milliq_S3_b02,Milliq_S3_b02,100.95,0.07,-19.51,1.0,100.95,Yes,Yes,1.0,Site3,b_02_m,S3
Milliq_S3_b02,Milliq_S3_b02,116.02,0.08,-19.6,1.0,116.02,Yes,Yes,1.0,Site3,b_02_m,S3
Milliq_S3_b02,Milliq_S3_b02,4237.41,0.96,-29.48,1.0,4237.41,Yes,Yes,1.0,Site3,b_02_m,S3
Milliq_S3_b02,Milliq_S3_b02,56.75,0.04,-18.89,1.0,56.75,Yes,Yes,1.0,Site3,b_02_m,S3
Milliq_S3_b02,Milliq_S3_b02,582.95,0.35,-22.83,1.0,582.95,Yes,Yes,1.0,Site3,b_02_m,S3
Milliq_S3_b02,Milliq_S3_b02,86.05,0.06,-19.35,1.0,86.05,Yes,Yes,1.0,Site3,b_02_m,S3
Milliq_S3_b02,Milliq_S3_b02,499.59,0.31,-22.18,1.0,499.59,Yes,Yes,1.0,Site3,b_02_m,S3
Milliq_S3_b02,Milliq_S3_b02,952.27,0.51,-24.22,1.0,952.27,Yes,Yes,1.0,Site3,b_02_m,S3
Milliq_S3_b02,Milliq_S3_b02,259.87,0.18,-20.58,1.0,259.87,Yes,Yes,1.0,Site3,b_02_m,S3
Milliq_S3_b02,Milliq_S3_b02,561.62,0.34,-22.75,1.0,561.62,Yes,Yes,1.0,Site3,b_02_m,S3
S3_b02,S3_b02,311.49,0.21,-8.58,1.0,311.49,No,,1.0,Site3,b_02_m,S3
S3_b02,S3_b02,1235.68,0.6,-9.3,1.0,1235.68,No,,1.0,Site3,b_02_m,S3
S3_b02,S3_b02,276.85,0.19,-8.48,1.0,276.85,No,,1.0,Site3,b_02_m,S3
S3_b02,S3_b02,2231.97,0.81,-9.58,1.0,2231.97,No,,1.0,Site3,b_02_m,S3
S3_b02,S3_b02,869.77,0.48,-9.19,1.0,869.77,No,,1.0,Site3,b_02_m,S3
S3_b02,S3_b02,2389.01,0.83,-9.63,1.0,2389.01,No,,1.0,Site3,b_02_m,S3
S3_b02,S3_b02,1040.21,0.54,-9.23,1.0,1040.21,No,,1.0,Site3,b_02_m,S3
S3_b02,S3_b02,86.05,0.06,-7.63,1.0,86.05,No,,1.0,Site3,b_02_m,S3
S3_b02,S3_b02,4237.41,0.96,-10.4,1.0,4237.41,No,,1.0,Site3,b_02_m,S3
S3_b02,S3_b02,5161.6,0.98,-12.08,1.0,5161.6,No,,1.0,Site3,b_02_m,S3
S3_b02,S3_b02,178.04,0.13,-8.32,1.0,178.04,No,,1.0,Site3,b_02_m,S3
S3_b02,S3_b02,56.75,0.04,-7.43,1.0,56.75,No,,1.0,Site3,b_02_m,S3
S3_b02,S3_b02,924.2,0.5,-9.2,1.0,924.2,No,,1.0,Site3,b_02_m,S3
S3_b02,S3_b02,2772.59,0.88,-9.77,1.0,2772.59,No,,1.0,Site3,b_02_m,S3
S3_b02,S3_b02,1848.39,0.75,-9.54,1.0,1848.39,No,,1.0,Site3,b_02_m,S3
S3_b02,S3_b02,767.15,0.44,-9.17,1.0,767.15,No,,1.0,Site3,b_02_m,S3
S3_b02,S3_b02,243.1,0.17,-8.45,1.0,243.1,No,,1.0,Site3,b_02_m,S3
S3_b02,S3_b02,980.94,0.52,-9.21,1.0,980.94,No,,1.0,Site3,b_02_m,S3
S3_b02,S3_b02,1741.67,0.73,-9.53,1.0,1741.67,No,,1.0,Site3,b_02_m,S3
S3_b02,S3_b02,1383.98,0.65,-9.33,1.0,1383.98,No,,1.0,Site3,b_02_m,S3
S3_b02,S3_b02,1550.87,0.69,-9.5,1.0,1550.87,No,,1.0,Site3,b_02_m,S3
S3_b02,S3_b02,1642.86,0.71,-9.5,1.0,1642.86,No,,1.0,Site3,b_02_m,S3
S3_b02,S3_b02,1307.77,0.63,-9.32,1.0,1307.77,No,,1.0,Site3,b_02_m,S3
S3_b02,S3_b02,3015.68,0.9,-10.05,1.0,3015.68,No,,1.0,Site3,b_02_m,S3
S3_b02,S3_b02,1102.24,0.56,-9.27,1.0,1102.24,No,,1.0,Site3,b_02_m,S3
S3_b02,S3_b02,1167.29,0.58,-9.29,1.0,1167.29,No,,1.0,Site3,b_02_m,S3
S3_b02,S3_b02,28.07,0.02,-7.26,1.0,28.07,No,,1.0,Site3,b_02_m,S3
S3_b02,S3_b02,2091.49,0.79,-9.57,1.0,2091.49,No,,1.0,Site3,b_02_m,S3
S3_b02,S3_b02,1964.41,0.77,-9.55,1.0,1964.41,No,,1.0,Site3,b_02_m,S3
S3_b02,S3_b02,,,,1.0,,No,,1.0,Site3,b_02_m,S3
S3_b02,S3_b02,817.47,0.46,-9.17,1.0,817.47,No,,1.0,Site3,b_02_m,S3
S3_b02,S3_b02,3696.78,0.94,-10.23,1.0,3696.78,No,,1.0,Site3,b_02_m,S3
S3_b02,S3_b02,146.67,0.1,-8.16,1.0,146.67,No,,1.0,Site3,b_02_m,S3
S3_b02,S3_b02,671.87,0.4,-9.03,1.0,671.87,No,,1.0,Site3,b_02_m,S3
S3_b02,S3_b02,1464.82,0.67,-9.42,1.0,1464.82,No,,1.0,Site3,b_02_m,S3
S3_b02,S3_b02,2567.05,0.85,-9.71,1.0,2567.05,No,,1.0,Site3,b_02_m,S3
S3_b02,S3_b02,582.95,0.35,-8.78,1.0,582.95,No,,1.0,Site3,b_02_m,S3
S3_b02,S3_b02,3313.21,0.92,-10.08,1.0,3313.21,No,,1.0,Site3,b_02_m,S3
S3_b02,S3_b02,718.66,0.42,-9.06,1.0,718.66,No,,1.0,Site3,b_02_m,S3
S3_b02,S3_b02,626.67,0.38,-8.85,1.0,626.67,No,,1.0,Site3,b_02_m,S3
S3_b02,S3_b02,540.62,0.33,-8.77,1.0,540.62,No,,1.0,Site3,b_02_m,S3
S3_b02,S3_b02,421.14,0.27,-8.66,1.0,421.14,No,,1.0,Site3,b_02_m,S3
S3_b02,S3_b02,347.04,0.23,-8.58,1.0,347.04,No,,1.0,Site3,b_02_m,S3
S3_b02,S3_b02,459.79,0.29,-8.71,1.0,459.79,No,,1.0,Site3,b_02_m,S3
S3_b02,S3_b02,383.58,0.25,-8.64,1.0,383.58,No,,1.0,Site3,b_02_m,S3
S3_b02,S3_b02,210.17,0.15,-8.39,1.0,210.17,No,,1.0,Site3,b_02_m,S3
S3_b02,S3_b02,499.59,0.31,-8.76,1.0,499.59,No,,1.0,Site3,b_02_m,S3
S3_b02,S3_b02,116.02,0.08,-7.89,1.0,116.02,No,,1.0,Site3,b_02_m,S3
S3_b02_10x,S3_b02,2768.52,0.19,-10.18,1.0,2768.52,No,,10.0,Site3,b_02_m,S3
S3_b02_10x,S3_b02,15508.68,0.69,-16.36,1.0,15508.68,No,,10.0,Site3,b_02_m,S3
S3_b02_10x,S3_b02,13077.72,0.63,-14.91,1.0,13077.72,No,,10.0,Site3,b_02_m,S3
S3_b02_10x,S3_b02,11672.92,0.58,-14.89,1.0,11672.92,No,,10.0,Site3,b_02_m,S3
S3_b02_10x,S3_b02,5406.2,0.33,-12.18,1.0,5406.2,No,,10.0,Site3,b_02_m,S3
S3_b02_10x,S3_b02,9241.96,0.5,-14.59,1.0,9241.96,No,,10.0,Site3,b_02_m,S3
S3_b02_10x,S3_b02,13839.84,0.65,-15.58,1.0,13839.84,No,,10.0,Site3,b_02_m,S3
S3_b02_10x,S3_b02,280.71,0.02,-8.65,1.0,280.71,No,,10.0,Site3,b_02_m,S3
S3_b02_10x,S3_b02,36967.85,0.94,-18.74,1.0,36967.85,No,,10.0,Site3,b_02_m,S3
S3_b02_10x,S3_b02,2430.95,0.17,-9.66,1.0,2430.95,No,,10.0,Site3,b_02_m,S3
S3_b02_10x,S3_b02,4995.91,0.31,-11.36,1.0,4995.91,No,,10.0,Site3,b_02_m,S3
S3_b02_10x,S3_b02,17416.69,0.73,-16.6,1.0,17416.69,No,,10.0,Site3,b_02_m,S3
S3_b02_10x,S3_b02,7186.62,0.42,-12.7,1.0,7186.62,No,,10.0,Site3,b_02_m,S3
S3_b02_10x,S3_b02,8174.73,0.46,-13.98,1.0,8174.73,No,,10.0,Site3,b_02_m,S3
S3_b02_10x,S3_b02,20914.88,0.79,-17.51,1.0,20914.88,No,,10.0,Site3,b_02_m,S3
S3_b02_10x,S3_b02,10402.11,0.54,-14.83,1.0,10402.11,No,,10.0,Site3,b_02_m,S3
S3_b02_10x,S3_b02,12356.83,0.6,-14.91,1.0,12356.83,No,,10.0,Site3,b_02_m,S3
S3_b02_10x,S3_b02,11022.38,0.56,-14.88,1.0,11022.38,No,,10.0,Site3,b_02_m,S3
S3_b02_10x,S3_b02,6718.74,0.4,-12.69,1.0,6718.74,No,,10.0,Site3,b_02_m,S3
S3_b02_10x,S3_b02,,,,1.0,,No,,10.0,Site3,b_02_m,S3
S3_b02_10x,S3_b02,23890.13,0.83,-17.76,1.0,23890.13,No,,10.0,Site3,b_02_m,S3
S3_b02_10x,S3_b02,4597.87,0.29,-10.92,1.0,4597.87,No,,10.0,Site3,b_02_m,S3
S3_b02_10x,S3_b02,1780.42,0.13,-9.43,1.0,1780.42,No,,10.0,Site3,b_02_m,S3
S3_b02_10x,S3_b02,33132.09,0.92,-18.24,1.0,33132.09,No,,10.0,Site3,b_02_m,S3
S3_b02_10x,S3_b02,19644.08,0.77,-17.39,1.0,19644.08,No,,10.0,Site3,b_02_m,S3
S3_b02_10x,S3_b02,4211.37,0.27,-10.8,1.0,4211.37,No,,10.0,Site3,b_02_m,S3
S3_b02_10x,S3_b02,567.46,0.04,-8.8,1.0,567.46,No,,10.0,Site3,b_02_m,S3
S3_b02_10x,S3_b02,3114.86,0.21,-10.43,1.0,3114.86,No,,10.0,Site3,b_02_m,S3
S3_b02_10x,S3_b02,1160.15,0.08,-9.35,1.0,1160.15,No,,10.0,Site3,b_02_m,S3
S3_b02_10x,S3_b02,9809.42,0.52,-14.7,1.0,9809.42,No,,10.0,Site3,b_02_m,S3
S3_b02_10x,S3_b02,7671.52,0.44,-13.78,1.0,7671.52,No,,10.0,Site3,b_02_m,S3
S3_b02_10x,S3_b02,14648.16,0.67,-15.71,1.0,14648.16,No,,10.0,Site3,b_02_m,S3
S3_b02_10x,S3_b02,30156.84,0.9,-17.91,1.0,30156.84,No,,10.0,Site3,b_02_m,S3
S3_b02_10x,S3_b02,860.51,0.06,-9.34,1.0,860.51,No,,10.0,Site3,b_02_m,S3
S3_b02_10x,S3_b02,2101.72,0.15,-9.55,1.0,2101.72,No,,10.0,Site3,b_02_m,S3
S3_b02_10x,S3_b02,6266.72,0.38,-12.57,1.0,6266.72,No,,10.0,Site3,b_02_m,S3
S3_b02_10x,S3_b02,27725.89,0.88,-17.84,1.0,27725.89,No,,10.0,Site3,b_02_m,S3
S3_b02_10x,S3_b02,1466.68,0.1,-9.4,1.0,1466.68,No,,10.0,Site3,b_02_m,S3
S3_b02_10x,S3_b02,51616.02,0.98,-19.52,1.0,51616.02,No,,10.0,Site3,b_02_m,S3
S3_b02_10x,S3_b02,18483.92,0.75,-16.72,1.0,18483.92,No,,10.0,Site3,b_02_m,S3
S3_b02_10x,S3_b02,3470.44,0.23,-10.47,1.0,3470.44,No,,10.0,Site3,b_02_m,S3
S3_b02_10x,S3_b02,42374.05,0.96,-18.99,1.0,42374.05,No,,10.0,Site3,b_02_m,S3
S3_b02_10x,S3_b02,22319.69,0.81,-17.75,1.0,22319.69,No,,10.0,Site3,b_02_m,S3
S3_b02_10x,S3_b02,8697.67,0.48,-14.03,1.0,8697.67,No,,10.0,Site3,b_02_m,S3
S3_b02_10x,S3_b02,3835.76,0.25,-10.7,1.0,3835.76,No,,10.0,Site3,b_02_m,S3
S3_b02_10x,S3_b02,25670.55,0.85,-17.79,1.0,25670.55,No,,10.0,Site3,b_02_m,S3
S3_b02_10x,S3_b02,16428.58,0.71,-16.54,1.0,16428.58,No,,10.0,Site3,b_02_m,S3
S3_b02_10x,S3_b02,5829.52,0.35,-12.44,1.0,5829.52,No,,10.0,Site3,b_02_m,S3
S3_b02_100x,S3_b02,123568.27,0.6,-22.32,1.0,123568.27,No,,100.0,Site3,b_02_m,S3
S3_b02_100x,S3_b02,45978.73,0.29,-19.58,1.0,45978.73,No,,100.0,Site3,b_02_m,S3
S3_b02_100x,S3_b02,301568.41,0.9,-24.21,1.0,301568.41,No,,100.0,Site3,b_02_m,S3
S3_b02_100x,S3_b02,164285.82,0.71,-23.31,1.0,164285.82,No,,100.0,Site3,b_02_m,S3
S3_b02_100x,S3_b02,71866.2,0.42,-21.43,1.0,71866.2,No,,100.0,Site3,b_02_m,S3
S3_b02_100x,S3_b02,223196.86,0.81,-23.77,1.0,223196.86,No,,100.0,Site3,b_02_m,S3
S3_b02_100x,S3_b02,196440.76,0.77,-23.6,1.0,196440.76,No,,100.0,Site3,b_02_m,S3
S3_b02_100x,S3_b02,14666.79,0.1,-15.67,1.0,14666.79,No,,100.0,Site3,b_02_m,S3
S3_b02_100x,S3_b02,27685.25,0.19,-18.85,1.0,27685.25,No,,100.0,Site3,b_02_m,S3
S3_b02_100x,S3_b02,155086.77,0.69,-23.25,1.0,155086.77,No,,100.0,Site3,b_02_m,S3
S3_b02_100x,S3_b02,5674.62,0.04,-10.02,1.0,5674.62,No,,100.0,Site3,b_02_m,S3
S3_b02_100x,S3_b02,,,,1.0,,No,,100.0,Site3,b_02_m,S3
S3_b02_100x,S3_b02,42113.73,0.27,-19.57,1.0,42113.73,No,,100.0,Site3,b_02_m,S3
S3_b02_100x,S3_b02,369678.5,0.94,-24.65,1.0,369678.5,No,,100.0,Site3,b_02_m,S3
S3_b02_100x,S3_b02,92419.62,0.5,-21.76,1.0,92419.62,No,,100.0,Site3,b_02_m,S3
S3_b02_100x,S3_b02,238901.26,0.83,-23.78,1.0,238901.26,No,,100.0,Site3,b_02_m,S3
S3_b02_100x,S3_b02,256705.45,0.85,-24.1,1.0,256705.45,No,,100.0,Site3,b_02_m,S3
S3_b02_100x,S3_b02,98094.24,0.52,-21.94,1.0,98094.24,No,,100.0,Site3,b_02_m,S3
S3_b02_100x,S3_b02,11601.52,0.08,-15.24,1.0,11601.52,No,,100.0,Site3,b_02_m,S3
S3_b02_100x,S3_b02,58295.17,0.35,-21.08,1.0,58295.17,No,,100.0,Site3,b_02_m,S3
S3_b02_100x,S3_b02,516160.16,0.98,-24.97,1.0,516160.16,No,,100.0,Site3,b_02_m,S3
S3_b02_100x,S3_b02,17804.19,0.13,-15.9,1.0,17804.19,No,,100.0,Site3,b_02_m,S3
S3_b02_100x,S3_b02,174166.89,0.73,-23.37,1.0,174166.89,No,,100.0,Site3,b_02_m,S3
S3_b02_100x,S3_b02,2807.12,0.02,-9.62,1.0,2807.12,No,,100.0,Site3,b_02_m,S3
S3_b02_100x,S3_b02,49959.13,0.31,-19.59,1.0,49959.13,No,,100.0,Site3,b_02_m,S3
S3_b02_100x,S3_b02,24309.54,0.17,-17.37,1.0,24309.54,No,,100.0,Site3,b_02_m,S3
S3_b02_100x,S3_b02,31148.65,0.21,-18.91,1.0,31148.65,No,,100.0,Site3,b_02_m,S3
S3_b02_100x,S3_b02,184839.25,0.75,-23.56,1.0,184839.25,No,,100.0,Site3,b_02_m,S3
S3_b02_100x,S3_b02,8605.14,0.06,-11.91,1.0,8605.14,No,,100.0,Site3,b_02_m,S3
S3_b02_100x,S3_b02,130777.23,0.63,-22.48,1.0,130777.23,No,,100.0,Site3,b_02_m,S3
S3_b02_100x,S3_b02,277258.87,0.88,-24.2,1.0,277258.87,No,,100.0,Site3,b_02_m,S3
S3_b02_100x,S3_b02,54062.01,0.33,-20.49,1.0,54062.01,No,,100.0,Site3,b_02_m,S3
S3_b02_100x,S3_b02,62667.15,0.38,-21.2,1.0,62667.15,No,,100.0,Site3,b_02_m,S3
S3_b02_100x,S3_b02,38357.61,0.25,-19.49,1.0,38357.61,No,,100.0,Site3,b_02_m,S3
S3_b02_100x,S3_b02,423740.5,0.96,-24.66,1.0,423740.5,No,,100.0,Site3,b_02_m,S3
S3_b02_100x,S3_b02,76715.22,0.44,-21.64,1.0,76715.22,No,,100.0,Site3,b_02_m,S3
S3_b02_100x,S3_b02,209148.79,0.79,-23.66,1.0,209148.79,No,,100.0,Site3,b_02_m,S3
S3_b02_100x,S3_b02,116729.16,0.58,-22.29,1.0,116729.16,No,,100.0,Site3,b_02_m,S3
S3_b02_100x,S3_b02,81747.26,0.46,-21.72,1.0,81747.26,No,,100.0,Site3,b_02_m,S3
S3_b02_100x,S3_b02,104021.14,0.54,-22.15,1.0,104021.14,No,,100.0,Site3,b_02_m,S3
S3_b02_100x,S3_b02,110223.81,0.56,-22.16,1.0,110223.81,No,,100.0,Site3,b_02_m,S3
S3_b02_100x,S3_b02,34704.41,0.23,-19.09,1.0,34704.41,No,,100.0,Site3,b_02_m,S3
S3_b02_100x,S3_b02,331320.89,0.92,-24.58,1.0,331320.89,No,,100.0,Site3,b_02_m,S3
S3_b02_100x,S3_b02,21017.19,0.15,-17.3,1.0,21017.19,No,,100.0,Site3,b_02_m,S3
S3_b02_100x,S3_b02,86976.69,0.48,-21.74,1.0,86976.69,No,,100.0,Site3,b_02_m,S3
S3_b02_100x,S3_b02,146481.64,0.67,-23.14,1.0,146481.64,No,,100.0,Site3,b_02_m,S3
S3_b02_100x,S3_b02,67187.36,0.4,-21.26,1.0,67187.36,No,,100.0,Site3,b_02_m,S3
S3_b02_100x,S3_b02,138398.35,0.65,-23.09,1.0,138398.35,No,,100.0,Site3,b_02_m,S3
S3_b02_1000x,S3_b02,1383983.54,0.65,-25.66,1.0,1383983.54,No,,1000.0,Site3,b_02_m,S3
S3_b02_1000x,S3_b02,1102238.1,0.56,-25.57,1.0,1102238.1,No,,1000.0,Site3,b_02_m,S3
S3_b02_1000x,S3_b02,311486.46,0.21,-24.36,1.0,311486.46,No,,1000.0,Site3,b_02_m,S3
S3_b02_1000x,S3_b02,210171.92,0.15,-24.23,1.0,210171.92,No,,1000.0,Site3,b_02_m,S3
S3_b02_1000x,S3_b02,1040211.42,0.54,-25.56,1.0,1040211.42,No,,1000.0,Site3,b_02_m,S3
S3_b02_1000x,S3_b02,1235682.72,0.6,-25.64,1.0,1235682.72,No,,1000.0,Site3,b_02_m,S3
S3_b02_1000x,S3_b02,1848392.48,0.75,-25.92,1.0,1848392.48,No,,1000.0,Site3,b_02_m,S3
S3_b02_1000x,S3_b02,767152.19,0.44,-25.17,1.0,767152.19,No,,1000.0,Site3,b_02_m,S3
S3_b02_1000x,S3_b02,2567054.51,0.85,-26.06,1.0,2567054.51,No,,1000.0,Site3,b_02_m,S3
S3_b02_1000x,S3_b02,2389012.6,0.83,-26.06,1.0,2389012.6,No,,1000.0,Site3,b_02_m,S3
S3_b02_1000x,S3_b02,383576.1,0.25,-24.74,1.0,383576.1,No,,1000.0,Site3,b_02_m,S3
S3_b02_1000x,S3_b02,5161601.56,0.98,-26.85,1.0,5161601.56,No,,1000.0,Site3,b_02_m,S3
S3_b02_1000x,S3_b02,817472.62,0.46,-25.24,1.0,817472.62,No,,1000.0,Site3,b_02_m,S3
S3_b02_1000x,S3_b02,671873.57,0.4,-25.11,1.0,671873.57,No,,1000.0,Site3,b_02_m,S3
S3_b02_1000x,S3_b02,276852.49,0.19,-24.31,1.0,276852.49,No,,1000.0,Site3,b_02_m,S3
S3_b02_1000x,S3_b02,347044.14,0.23,-24.68,1.0,347044.14,No,,1000.0,Site3,b_02_m,S3
S3_b02_1000x,S3_b02,718662.01,0.42,-25.11,1.0,718662.01,No,,1000.0,Site3,b_02_m,S3
S3_b02_1000x,S3_b02,1642858.23,0.71,-25.81,1.0,1642858.23,No,,1000.0,Site3,b_02_m,S3
S3_b02_1000x,S3_b02,243095.41,0.17,-24.28,1.0,243095.41,No,,1000.0,Site3,b_02_m,S3
S3_b02_1000x,S3_b02,924196.24,0.5,-25.4,1.0,924196.24,No,,1000.0,Site3,b_02_m,S3
S3_b02_1000x,S3_b02,,,,1.0,,No,,1000.0,Site3,b_02_m,S3
S3_b02_1000x,S3_b02,1550867.75,0.69,-25.74,1.0,1550867.75,No,,1000.0,Site3,b_02_m,S3
S3_b02_1000x,S3_b02,626671.51,0.38,-24.96,1.0,626671.51,No,,1000.0,Site3,b_02_m,S3
S3_b02_1000x,S3_b02,421137.26,0.27,-24.78,1.0,421137.26,No,,1000.0,Site3,b_02_m,S3
S3_b02_1000x,S3_b02,3015684.09,0.9,-26.27,1.0,3015684.09,No,,1000.0,Site3,b_02_m,S3
S3_b02_1000x,S3_b02,1307772.34,0.63,-25.66,1.0,1307772.34,No,,1000.0,Site3,b_02_m,S3
S3_b02_1000x,S3_b02,146667.87,0.1,-23.39,1.0,146667.87,No,,1000.0,Site3,b_02_m,S3
S3_b02_1000x,S3_b02,2231968.58,0.81,-25.95,1.0,2231968.58,No,,1000.0,Site3,b_02_m,S3
S3_b02_1000x,S3_b02,28071.21,0.02,-13.7,1.0,28071.21,No,,1000.0,Site3,b_02_m,S3
S3_b02_1000x,S3_b02,2091487.91,0.79,-25.95,1.0,2091487.91,No,,1000.0,Site3,b_02_m,S3
S3_b02_1000x,S3_b02,86051.36,0.06,-20.2,1.0,86051.36,No,,1000.0,Site3,b_02_m,S3
S3_b02_1000x,S3_b02,116015.16,0.08,-22.71,1.0,116015.16,No,,1000.0,Site3,b_02_m,S3
S3_b02_1000x,S3_b02,980942.38,0.52,-25.46,1.0,980942.38,No,,1000.0,Site3,b_02_m,S3
S3_b02_1000x,S3_b02,869766.92,0.48,-25.28,1.0,869766.92,No,,1000.0,Site3,b_02_m,S3
S3_b02_1000x,S3_b02,582951.75,0.35,-24.91,1.0,582951.75,No,,1000.0,Site3,b_02_m,S3
S3_b02_1000x,S3_b02,56746.16,0.04,-18.5,1.0,56746.16,No,,1000.0,Site3,b_02_m,S3
S3_b02_1000x,S3_b02,1964407.63,0.77,-25.93,1.0,1964407.63,No,,1000.0,Site3,b_02_m,S3
S3_b02_1000x,S3_b02,3696784.96,0.94,-26.62,1.0,3696784.96,No,,1000.0,Site3,b_02_m,S3
S3_b02_1000x,S3_b02,3313208.92,0.92,-26.28,1.0,3313208.92,No,,1000.0,Site3,b_02_m,S3
S3_b02_1000x,S3_b02,1741668.89,0.73,-25.87,1.0,1741668.89,No,,1000.0,Site3,b_02_m,S3
S3_b02_1000x,S3_b02,4237405.0,0.96,-26.63,1.0,4237405.0,No,,1000.0,Site3,b_02_m,S3
S3_b02_1000x,S3_b02,1167291.64,0.58,-25.63,1.0,1167291.64,No,,1000.0,Site3,b_02_m,S3
S3_b02_1000x,S3_b02,499591.27,0.31,-24.86,1.0,499591.27,No,,1000.0,Site3,b_02_m,S3
S3_b02_1000x,S3_b02,2772588.72,0.88,-26.18,1.0,2772588.72,No,,1000.0,Site3,b_02_m,S3
S3_b02_1000x,S3_b02,540620.14,0.33,-24.89,1.0,540620.14,No,,1000.0,Site3,b_02_m,S3
S3_b02_1000x,S3_b02,1464816.4,0.67,-25.73,1.0,1464816.4,No,,1000.0,Site3,b_02_m,S3
S3_b02_1000x,S3_b02,178041.86,0.13,-23.55,1.0,178041.86,No,,1000.0,Site3,b_02_m,S3
S3_b02_1000x,S3_b02,459787.32,0.29,-24.79,1.0,459787.32,No,,1000.0,Site3,b_02_m,S3
S3_b02_10000x,S3_b02,6266715.06,0.38,-25.82,1.0,6266715.06,No,,10000.0,Site3,b_02_m,S3
S3_b02_10000x,S3_b02,9241962.41,0.5,-26.41,1.0,9241962.41,No,,10000.0,Site3,b_02_m,S3
S3_b02_10000x,S3_b02,3470441.37,0.23,-25.38,1.0,3470441.37,No,,10000.0,Site3,b_02_m,S3
S3_b02_10000x,S3_b02,1780418.57,0.13,-23.67,1.0,1780418.57,No,,10000.0,Site3,b_02_m,S3
S3_b02_10000x,S3_b02,860513.62,0.06,-21.86,1.0,860513.62,No,,10000.0,Site3,b_02_m,S3
S3_b02_10000x,S3_b02,19644076.31,0.77,-28.07,1.0,19644076.31,No,,10000.0,Site3,b_02_m,S3
S3_b02_10000x,S3_b02,15508677.46,0.69,-27.53,1.0,15508677.46,No,,10000.0,Site3,b_02_m,S3
S3_b02_10000x,S3_b02,13077723.37,0.63,-27.16,1.0,13077723.37,No,,10000.0,Site3,b_02_m,S3
S3_b02_10000x,S3_b02,4995912.66,0.31,-25.65,1.0,4995912.66,No,,10000.0,Site3,b_02_m,S3
S3_b02_10000x,S3_b02,20914879.12,0.79,-28.38,1.0,20914879.12,No,,10000.0,Site3,b_02_m,S3
S3_b02_10000x,S3_b02,3114864.63,0.21,-25.35,1.0,3114864.63,No,,10000.0,Site3,b_02_m,S3
S3_b02_10000x,S3_b02,16428582.26,0.71,-27.63,1.0,16428582.26,No,,10000.0,Site3,b_02_m,S3
S3_b02_10000x,S3_b02,4597873.21,0.29,-25.64,1.0,4597873.21,No,,10000.0,Site3,b_02_m,S3
S3_b02_10000x,S3_b02,5406201.37,0.33,-25.74,1.0,5406201.37,No,,10000.0,Site3,b_02_m,S3
S3_b02_10000x,S3_b02,5829517.49,0.35,-25.81,1.0,5829517.49,No,,10000.0,Site3,b_02_m,S3
S3_b02_10000x,S3_b02,10402114.2,0.54,-26.53,1.0,10402114.2,No,,10000.0,Site3,b_02_m,S3
S3_b02_10000x,S3_b02,4211372.6,0.27,-25.46,1.0,4211372.6,No,,10000.0,Site3,b_02_m,S3
S3_b02_10000x,S3_b02,23890125.99,0.83,-29.23,1.0,23890125.99,No,,10000.0,Site3,b_02_m,S3
S3_b02_10000x,S3_b02,13839835.43,0.65,-27.32,1.0,13839835.43,No,,10000.0,Site3,b_02_m,S3
S3_b02_10000x,S3_b02,7671521.93,0.44,-26.18,1.0,7671521.93,No,,10000.0,Site3,b_02_m,S3
S3_b02_10000x,S3_b02,1160151.64,0.08,-21.95,1.0,1160151.64,No,,10000.0,Site3,b_02_m,S3
S3_b02_10000x,S3_b02,14648163.98,0.67,-27.46,1.0,14648163.98,No,,10000.0,Site3,b_02_m,S3
S3_b02_10000x,S3_b02,6718735.67,0.4,-26.14,1.0,6718735.67,No,,10000.0,Site3,b_02_m,S3
S3_b02_10000x,S3_b02,17416688.88,0.73,-27.83,1.0,17416688.88,No,,10000.0,Site3,b_02_m,S3
S3_b02_10000x,S3_b02,27725887.22,0.88,-29.36,1.0,27725887.22,No,,10000.0,Site3,b_02_m,S3
S3_b02_10000x,S3_b02,25670545.13,0.85,-29.27,1.0,25670545.13,No,,10000.0,Site3,b_02_m,S3
S3_b02_10000x,S3_b02,30156840.89,0.9,-29.38,1.0,30156840.89,No,,10000.0,Site3,b_02_m,S3
S3_b02_10000x,S3_b02,2101719.2,0.15,-24.69,1.0,2101719.2,No,,10000.0,Site3,b_02_m,S3
S3_b02_10000x,S3_b02,8174726.22,0.46,-26.23,1.0,8174726.22,No,,10000.0,Site3,b_02_m,S3
S3_b02_10000x,S3_b02,7186620.09,0.42,-26.17,1.0,7186620.09,No,,10000.0,Site3,b_02_m,S3
S3_b02_10000x,S3_b02,9809423.84,0.52,-26.42,1.0,9809423.84,No,,10000.0,Site3,b_02_m,S3
S3_b02_10000x,S3_b02,11672916.39,0.58,-26.7,1.0,11672916.39,No,,10000.0,Site3,b_02_m,S3
S3_b02_10000x,S3_b02,3835760.97,0.25,-25.4,1.0,3835760.97,No,,10000.0,Site3,b_02_m,S3
S3_b02_10000x,S3_b02,12356827.2,0.6,-26.88,1.0,12356827.2,No,,10000.0,Site3,b_02_m,S3
S3_b02_10000x,S3_b02,51616015.61,0.98,-29.9,1.0,51616015.61,No,,10000.0,Site3,b_02_m,S3
S3_b02_10000x,S3_b02,1466678.65,0.1,-22.79,1.0,1466678.65,No,,10000.0,Site3,b_02_m,S3
S3_b02_10000x,S3_b02,42374050.0,0.96,-29.81,1.0,42374050.0,No,,10000.0,Site3,b_02_m,S3
S3_b02_10000x,S3_b02,567461.57,0.04,-19.9,1.0,567461.57,No,,10000.0,Site3,b_02_m,S3
S3_b02_10000x,S3_b02,18483924.81,0.75,-28.04,1.0,18483924.81,No,,10000.0,Site3,b_02_m,S3
S3_b02_10000x,S3_b02,11022380.98,0.56,-26.6,1.0,11022380.98,No,,10000.0,Site3,b_02_m,S3
S3_b02_10000x,S3_b02,,,,1.0,,No,,10000.0,Site3,b_02_m,S3
S3_b02_10000x,S3_b02,2768524.86,0.19,-25.05,1.0,2768524.86,No,,10000.0,Site3,b_02_m,S3
S3_b02_10000x,S3_b02,280712.08,0.02,-17.94,1.0,280712.08,No,,10000.0,Site3,b_02_m,S3
S3_b02_10000x,S3_b02,36967849.63,0.94,-29.76,1.0,36967849.63,No,,10000.0,Site3,b_02_m,S3
S3_b02_10000x,S3_b02,22319685.78,0.81,-28.7,1.0,22319685.78,No,,10000.0,Site3,b_02_m,S3
S3_b02_10000x,S3_b02,33132089.2,0.92,-29.54,1.0,33132089.2,No,,10000.0,Site3,b_02_m,S3
S3_b02_10000x,S3_b02,8697669.23,0.48,-26.26,1.0,8697669.23,No,,10000.0,Site3,b_02_m,S3
S3_b02_10000x,S3_b02,2430954.14,0.17,-24.73,1.0,2430954.14,No,,10000.0,Site3,b_02_m,S3
S3_b02_100000x,S3_b02,17804185.68,0.13,-24.12,1.0,17804185.68,No,,100000.0,Site3,b_02_m,S3
S3_b02_100000x,S3_b02,8605136.15,0.06,-21.14,1.0,8605136.15,No,,100000.0,Site3,b_02_m,S3
S3_b02_100000x,S3_b02,34704413.68,0.23,-24.79,1.0,34704413.68,No,,100000.0,Site3,b_02_m,S3
S3_b02_100000x,S3_b02,49959126.59,0.31,-25.21,1.0,49959126.59,No,,100000.0,Site3,b_02_m,S3
S3_b02_100000x,S3_b02,31148646.26,0.21,-24.75,1.0,31148646.26,No,,100000.0,Site3,b_02_m,S3
S3_b02_100000x,S3_b02,238901259.9,0.83,-29.42,1.0,238901259.9,No,,100000.0,Site3,b_02_m,S3
S3_b02_100000x,S3_b02,164285822.65,0.71,-28.67,1.0,164285822.65,No,,100000.0,Site3,b_02_m,S3
S3_b02_100000x,S3_b02,196440763.14,0.77,-29.18,1.0,196440763.14,No,,100000.0,Site3,b_02_m,S3
S3_b02_100000x,S3_b02,174166888.77,0.73,-28.78,1.0,174166888.77,No,,100000.0,Site3,b_02_m,S3
S3_b02_100000x,S3_b02,67187356.72,0.4,-25.73,1.0,67187356.72,No,,100000.0,Site3,b_02_m,S3
S3_b02_100000x,S3_b02,11601516.45,0.08,-21.98,1.0,11601516.45,No,,100000.0,Site3,b_02_m,S3
S3_b02_100000x,S3_b02,86976692.33,0.48,-26.47,1.0,86976692.33,No,,100000.0,Site3,b_02_m,S3
S3_b02_100000x,S3_b02,104021141.98,0.54,-27.55,1.0,104021141.98,No,,100000.0,Site3,b_02_m,S3
S3_b02_100000x,S3_b02,331320891.97,0.92,-30.16,1.0,331320891.97,No,,100000.0,Site3,b_02_m,S3
S3_b02_100000x,S3_b02,21017192.04,0.15,-24.25,1.0,21017192.04,No,,100000.0,Site3,b_02_m,S3
S3_b02_100000x,S3_b02,2807120.77,0.02,-14.96,1.0,2807120.77,No,,100000.0,Site3,b_02_m,S3
S3_b02_100000x,S3_b02,76715219.32,0.44,-26.38,1.0,76715219.32,No,,100000.0,Site3,b_02_m,S3
S3_b02_100000x,S3_b02,277258872.22,0.88,-29.64,1.0,277258872.22,No,,100000.0,Site3,b_02_m,S3
S3_b02_100000x,S3_b02,155086774.64,0.69,-28.57,1.0,155086774.64,No,,100000.0,Site3,b_02_m,S3
S3_b02_100000x,S3_b02,14666786.52,0.1,-23.31,1.0,14666786.52,No,,100000.0,Site3,b_02_m,S3
S3_b02_100000x,S3_b02,301568408.86,0.9,-29.66,1.0,301568408.86,No,,100000.0,Site3,b_02_m,S3
S3_b02_100000x,S3_b02,256705451.29,0.85,-29.5,1.0,256705451.29,No,,100000.0,Site3,b_02_m,S3
S3_b02_100000x,S3_b02,184839248.15,0.75,-28.89,1.0,184839248.15,No,,100000.0,Site3,b_02_m,S3
S3_b02_100000x,S3_b02,516160156.12,0.98,-31.03,1.0,516160156.12,No,,100000.0,Site3,b_02_m,S3
S3_b02_100000x,S3_b02,58295174.88,0.35,-25.56,1.0,58295174.88,No,,100000.0,Site3,b_02_m,S3
S3_b02_100000x,S3_b02,92419624.07,0.5,-27.22,1.0,92419624.07,No,,100000.0,Site3,b_02_m,S3
S3_b02_100000x,S3_b02,45978732.13,0.29,-25.18,1.0,45978732.13,No,,100000.0,Site3,b_02_m,S3
S3_b02_100000x,S3_b02,24309541.44,0.17,-24.26,1.0,24309541.44,No,,100000.0,Site3,b_02_m,S3
S3_b02_100000x,S3_b02,62667150.57,0.38,-25.71,1.0,62667150.57,No,,100000.0,Site3,b_02_m,S3
S3_b02_100000x,S3_b02,123568272.02,0.6,-28.06,1.0,123568272.02,No,,100000.0,Site3,b_02_m,S3
S3_b02_100000x,S3_b02,138398354.33,0.65,-28.17,1.0,138398354.33,No,,100000.0,Site3,b_02_m,S3
S3_b02_100000x,S3_b02,110223809.76,0.56,-27.66,1.0,110223809.76,No,,100000.0,Site3,b_02_m,S3
S3_b02_100000x,S3_b02,223196857.81,0.81,-29.42,1.0,223196857.81,No,,100000.0,Site3,b_02_m,S3
S3_b02_100000x,S3_b02,209148791.19,0.79,-29.36,1.0,209148791.19,No,,100000.0,Site3,b_02_m,S3
S3_b02_100000x,S3_b02,130777233.73,0.63,-28.07,1.0,130777233.73,No,,100000.0,Site3,b_02_m,S3
S3_b02_100000x,S3_b02,27685248.64,0.19,-24.65,1.0,27685248.64,No,,100000.0,Site3,b_02_m,S3
S3_b02_100000x,S3_b02,38357609.66,0.25,-24.81,1.0,38357609.66,No,,100000.0,Site3,b_02_m,S3
S3_b02_100000x,S3_b02,,,,1.0,,No,,100000.0,Site3,b_02_m,S3
S3_b02_100000x,S3_b02,98094238.4,0.52,-27.39,1.0,98094238.4,No,,100000.0,Site3,b_02_m,S3
S3_b02_100000x,S3_b02,71866200.86,0.42,-26.19,1.0,71866200.86,No,,100000.0,Site3,b_02_m,S3
S3_b02_100000x,S3_b02,42113725.98,0.27,-24.86,1.0,42113725.98,No,,100000.0,Site3,b_02_m,S3
S3_b02_100000x,S3_b02,116729163.91,0.58,-27.94,1.0,116729163.91,No,,100000.0,Site3,b_02_m,S3
S3_b02_100000x,S3_b02,369678496.3,0.94,-30.74,1.0,369678496.3,No,,100000.0,Site3,b_02_m,S3
S3_b02_100000x,S3_b02,423740500.05,0.96,-30.99,1.0,423740500.05,No,,100000.0,Site3,b_02_m,S3
S3_b02_100000x,S3_b02,54062013.75,0.33,-25.34,1.0,54062013.75,No,,100000.0,Site3,b_02_m,S3
S3_b02_100000x,S3_b02,146481639.82,0.67,-28.23,1.0,146481639.82,No,,100000.0,Site3,b_02_m,S3
S3_b02_100000x,S3_b02,81747262.23,0.46,-26.39,1.0,81747262.23,No,,100000.0,Site3,b_02_m,S3
S3_b02_100000x,S3_b02,5674615.72,0.04,-20.43,1.0,5674615.72,No,,100000.0,Site3,b_02_m,S3
S1_b5,S1|b_5_m|Site1|1.0,116.015164471,0.08333333,-3.89931034,,,No,,1.0,Site1,b_5_m,S1
S1_b5,S1|b_5_m|Site1|1.0,1383.9835432532,0.64583333,-4.68586207,,,No,,1.0,Site1,b_5_m,S1
S1_b5,S1|b_5_m|Site1|1.0,210.1719204015,0.14583333,-4.14,,,No,,1.0,Site1,b_5_m,S1
S1_b5,S1|b_5_m|Site1|1.0,540.6201374776,0.33333333,-4.44448276,,,No,,1.0,Site1,b_5_m,S1
S1_b5,S1|b_5_m|Site1|1.0,4237.4050004639,0.95833333,-5.68206897,,,No,,1.0,Site1,b_5_m,S1
S1_b5,S1|b_5_m|Site1|1.0,1550.8677464076,0.6875,-4.79655172,,,No,,1.0,Site1,b_5_m,S1
S1_b5,S1|b_5_m|Site1|1.0,3696.7849629864,0.9375,-5.67862069,,,No,,1.0,Site1,b_5_m,S1
S1_b5,S1|b_5_m|Site1|1.0,311.486462628,0.20833333,-4.20793103,,,No,,1.0,Site1,b_5_m,S1
S1_b5,S1|b_5_m|Site1|1.0,869.7669232529,0.47916667,-4.52517241,,,No,,1.0,Site1,b_5_m,S1
S1_b5,S1|b_5_m|Site1|1.0,1964.4076314188,0.77083333,-5.0837931,,,No,,1.0,Site1,b_5_m,S1
S1_b5,S1|b_5_m|Site1|1.0,1102.2380975793,0.5625,-4.58689655,,,No,,1.0,Site1,b_5_m,S1
S1_b5,S1|b_5_m|Site1|1.0,2231.9685780956,0.8125,-5.10275862,,,No,,1.0,Site1,b_5_m,S1
S1_b5,S1|b_5_m|Site1|1.0,3015.6840886317,0.89583333,-5.53586207,,,No,,1.0,Site1,b_5_m,S1
S1_b5,S1|b_5_m|Site1|1.0,1464.8163982241,0.66666667,-4.77344828,,,No,,1.0,Site1,b_5_m,S1
S1_b5,S1|b_5_m|Site1|1.0,2772.5887222398,0.875,-5.36931034,,,No,,1.0,Site1,b_5_m,S1
S1_b5,S1|b_5_m|Site1|1.0,421.1372597961,0.27083333,-4.34862069,,,No,,1.0,Site1,b_5_m,S1
S1_b5,S1|b_5_m|Site1|1.0,178.0418568327,0.125,-4.07103448,,,No,,1.0,Site1,b_5_m,S1
S1_b5,S1|b_5_m|Site1|1.0,383.5760966024,0.25,-4.28827586,,,No,,1.0,Site1,b_5_m,S1
S1_b5,S1|b_5_m|Site1|1.0,718.662008596,0.41666667,-4.48275862,,,No,,1.0,Site1,b_5_m,S1
S1_b5,S1|b_5_m|Site1|1.0,671.8735672056,0.39583333,-4.48137931,,,No,,1.0,Site1,b_5_m,S1
S1_b5,S1|b_5_m|Site1|1.0,767.1521932047,0.4375,-4.50413793,,,No,,1.0,Site1,b_5_m,S1
S1_b5,S1|b_5_m|Site1|1.0,1307.772337349,0.625,-4.64655172,,,No,,1.0,Site1,b_5_m,S1
S1_b5,S1|b_5_m|Site1|1.0,817.4726223101,0.45833333,-4.51655172,,,No,,1.0,Site1,b_5_m,S1
S1_b5,S1|b_5_m|Site1|1.0,2567.0545129463,0.85416667,-5.23586207,,,No,,1.0,Site1,b_5_m,S1
S1_b5,S1|b_5_m|Site1|1.0,582.9517487787,0.35416667,-4.46758621,,,No,,1.0,Site1,b_5_m,S1
S1_b5,S1|b_5_m|Site1|1.0,2091.4879118851,0.79166667,-5.09586207,,,No,,1.0,Site1,b_5_m,S1
S1_b5,S1|b_5_m|Site1|1.0,86.0513615168,0.0625,-3.81034483,,,No,,1.0,Site1,b_5_m,S1
S1_b5,S1|b_5_m|Site1|1.0,924.1962407466,0.5,-4.55,,,No,,1.0,Site1,b_5_m,S1
S1_b5,S1|b_5_m|Site1|1.0,459.7873213301,0.29166667,-4.36448276,,,No,,1.0,Site1,b_5_m,S1
S1_b5,S1|b_5_m|Site1|1.0,5161.6015612105,0.97916667,-5.70068966,,,No,,1.0,Site1,b_5_m,S1
S1_b5,S1|b_5_m|Site1|1.0,146.667865247,0.10416667,-3.91586207,,,No,,1.0,Site1,b_5_m,S1
S1_b5,S1|b_5_m|Site1|1.0,499.5912659219,0.3125,-4.41724138,,,No,,1.0,Site1,b_5_m,S1
S1_b5,S1|b_5_m|Site1|1.0,347.044136784,0.22916667,-4.2437931,,,No,,1.0,Site1,b_5_m,S1
S1_b5,S1|b_5_m|Site1|1.0,56.7461571961,0.04166667,-3.74448276,,,No,,1.0,Site1,b_5_m,S1
S1_b5,S1|b_5_m|Site1|1.0,1848.3924814932,0.75,-5.06344828,,,No,,1.0,Site1,b_5_m,S1
S1_b5,S1|b_5_m|Site1|1.0,1167.2916391385,0.58333333,-4.61931034,,,No,,1.0,Site1,b_5_m,S1
S1_b5,S1|b_5_m|Site1|1.0,1741.6688876721,0.72916667,-4.93413793,,,No,,1.0,Site1,b_5_m,S1
S1_b5,S1|b_5_m|Site1|1.0,1235.6827202167,0.60416667,-4.62724138,,,No,,1.0,Site1,b_5_m,S1
S1_b5,S1|b_5_m|Site1|1.0,980.9423840296,0.52083333,-4.56,,,No,,1.0,Site1,b_5_m,S1
S1_b5,S1|b_5_m|Site1|1.0,1642.8582264854,0.70833333,-4.88551724,,,No,,1.0,Site1,b_5_m,S1
S1_b5,S1|b_5_m|Site1|1.0,,,,,,No,,1.0,Site1,b_5_m,S1
S1_b5,S1|b_5_m|Site1|1.0,1040.2114197631,0.54166667,-4.58551724,,,No,,1.0,Site1,b_5_m,S1
S1_b5,S1|b_5_m|Site1|1.0,2389.0125989707,0.83333333,-5.17965517,,,No,,1.0,Site1,b_5_m,S1
S1_b5,S1|b_5_m|Site1|1.0,3313.2089197173,0.91666667,-5.55,,,No,,1.0,Site1,b_5_m,S1
S1_b5,S1|b_5_m|Site1|1.0,626.671505661,0.375,-4.47448276,,,No,,1.0,Site1,b_5_m,S1
S1_b5,S1|b_5_m|Site1|1.0,243.0954143919,0.16666667,-4.15068966,,,No,,1.0,Site1,b_5_m,S1
S1_b5,S1|b_5_m|Site1|1.0,276.852486371,0.1875,-4.19551724,,,No,,1.0,Site1,b_5_m,S1
S1_b5,S1|b_5_m|Site1|1.0,28.0712077248,0.02083333,-3.71793103,,,No,,1.0,Site1,b_5_m,S1
S1_b5_10,S1|b_5_m|Site1|10.0,280.7120772477,0.02083333,-3.72241379,,,No,,10.0,Site1,b_5_m,S1
S1_b5_10,S1|b_5_m|Site1|10.0,2430.9541439194,0.16666667,-5.29413793,,,No,,10.0,Site1,b_5_m,S1
S1_b5_10,S1|b_5_m|Site1|10.0,4995.9126592188,0.3125,-6.41482759,,,No,,10.0,Site1,b_5_m,S1
S1_b5_10,S1|b_5_m|Site1|10.0,7186.6200859596,0.41666667,-7.08,,,No,,10.0,Site1,b_5_m,S1
S1_b5_10,S1|b_5_m|Site1|10.0,9809.4238402963,0.52083333,-7.24724138,,,No,,10.0,Site1,b_5_m,S1
S1_b5_10,S1|b_5_m|Site1|10.0,16428.5822648541,0.70833333,-7.48517241,,,No,,10.0,Site1,b_5_m,S1
S1_b5_10,S1|b_5_m|Site1|10.0,23890.1259897074,0.83333333,-7.59758621,,,No,,10.0,Site1,b_5_m,S1
S1_b5_10,S1|b_5_m|Site1|10.0,42374.0500046393,0.95833333,-7.71827586,,,No,,10.0,Site1,b_5_m,S1
S1_b5_10,S1|b_5_m|Site1|10.0,18483.9248149319,0.75,-7.56551724,,,No,,10.0,Site1,b_5_m,S1
S1_b5_10,S1|b_5_m|Site1|10.0,19644.0763141875,0.77083333,-7.57586207,,,No,,10.0,Site1,b_5_m,S1
S1_b5_10,S1|b_5_m|Site1|10.0,13839.8354325321,0.64583333,-7.44413793,,,No,,10.0,Site1,b_5_m,S1
S1_b5_10,S1|b_5_m|Site1|10.0,12356.8272021667,0.60416667,-7.42758621,,,No,,10.0,Site1,b_5_m,S1
S1_b5_10,S1|b_5_m|Site1|10.0,14648.1639822415,0.66666667,-7.45586207,,,No,,10.0,Site1,b_5_m,S1
S1_b5_10,S1|b_5_m|Site1|10.0,3835.7609660237,0.25,-6.16931034,,,No,,10.0,Site1,b_5_m,S1
S1_b5_10,S1|b_5_m|Site1|10.0,6718.7356720557,0.39583333,-6.96,,,No,,10.0,Site1,b_5_m,S1
S1_b5_10,S1|b_5_m|Site1|10.0,4597.8732133015,0.29166667,-6.40586207,,,No,,10.0,Site1,b_5_m,S1
S1_b5_10,S1|b_5_m|Site1|10.0,3470.4413678399,0.22916667,-5.92310345,,,No,,10.0,Site1,b_5_m,S1
S1_b5_10,S1|b_5_m|Site1|10.0,4211.3725979606,0.27083333,-6.21034483,,,No,,10.0,Site1,b_5_m,S1
S1_b5_10,S1|b_5_m|Site1|10.0,8174.7262231008,0.45833333,-7.16448276,,,No,,10.0,Site1,b_5_m,S1
S1_b5_10,S1|b_5_m|Site1|10.0,8697.6692325292,0.47916667,-7.16517241,,,No,,10.0,Site1,b_5_m,S1
S1_b5_10,S1|b_5_m|Site1|10.0,17416.6888767206,0.72916667,-7.50724138,,,No,,10.0,Site1,b_5_m,S1
S1_b5_10,S1|b_5_m|Site1|10.0,51616.0156121054,0.97916667,-7.74413793,,,No,,10.0,Site1,b_5_m,S1
S1_b5_10,S1|b_5_m|Site1|10.0,,,,,,No,,10.0,Site1,b_5_m,S1
S1_b5_10,S1|b_5_m|Site1|10.0,33132.0891971734,0.91666667,-7.63517241,,,No,,10.0,Site1,b_5_m,S1
S1_b5_10,S1|b_5_m|Site1|10.0,30156.8408863172,0.89583333,-7.63206897,,,No,,10.0,Site1,b_5_m,S1
S1_b5_10,S1|b_5_m|Site1|10.0,27725.8872223978,0.875,-7.61896552,,,No,,10.0,Site1,b_5_m,S1
S1_b5_10,S1|b_5_m|Site1|10.0,20914.8791188513,0.79166667,-7.57931034,,,No,,10.0,Site1,b_5_m,S1
S1_b5_10,S1|b_5_m|Site1|10.0,11022.3809757929,0.5625,-7.37241379,,,No,,10.0,Site1,b_5_m,S1
S1_b5_10,S1|b_5_m|Site1|10.0,9241.9624074659,0.5,-7.17275862,,,No,,10.0,Site1,b_5_m,S1
S1_b5_10,S1|b_5_m|Site1|10.0,860.5136151676,0.0625,-4.59,,,No,,10.0,Site1,b_5_m,S1
S1_b5_10,S1|b_5_m|Site1|10.0,2768.5248637099,0.1875,-5.41206897,,,No,,10.0,Site1,b_5_m,S1
S1_b5_10,S1|b_5_m|Site1|10.0,1160.1516447102,0.08333333,-4.65448276,,,No,,10.0,Site1,b_5_m,S1
S1_b5_10,S1|b_5_m|Site1|10.0,1780.418568327,0.125,-5.0662069,,,No,,10.0,Site1,b_5_m,S1
S1_b5_10,S1|b_5_m|Site1|10.0,5406.2013747755,0.33333333,-6.55517241,,,No,,10.0,Site1,b_5_m,S1
S1_b5_10,S1|b_5_m|Site1|10.0,10402.1141976307,0.54166667,-7.25034483,,,No,,10.0,Site1,b_5_m,S1
S1_b5_10,S1|b_5_m|Site1|10.0,13077.7233734897,0.625,-7.44310345,,,No,,10.0,Site1,b_5_m,S1
S1_b5_10,S1|b_5_m|Site1|10.0,36967.8496298637,0.9375,-7.65931034,,,No,,10.0,Site1,b_5_m,S1
S1_b5_10,S1|b_5_m|Site1|10.0,25670.5451294629,0.85416667,-7.61551724,,,No,,10.0,Site1,b_5_m,S1
S1_b5_10,S1|b_5_m|Site1|10.0,567.4615719608,0.04166667,-4.59,,,No,,10.0,Site1,b_5_m,S1
S1_b5_10,S1|b_5_m|Site1|10.0,22319.6857809556,0.8125,-7.58862069,,,No,,10.0,Site1,b_5_m,S1
S1_b5_10,S1|b_5_m|Site1|10.0,2101.7192040153,0.14583333,-5.23413793,,,No,,10.0,Site1,b_5_m,S1
S1_b5_10,S1|b_5_m|Site1|10.0,3114.8646262797,0.20833333,-5.65206897,,,No,,10.0,Site1,b_5_m,S1
S1_b5_10,S1|b_5_m|Site1|10.0,15508.6774640757,0.6875,-7.47586207,,,No,,10.0,Site1,b_5_m,S1
S1_b5_10,S1|b_5_m|Site1|10.0,7671.5219320475,0.4375,-7.12827586,,,No,,10.0,Site1,b_5_m,S1
S1_b5_10,S1|b_5_m|Site1|10.0,6266.7150566098,0.375,-6.86655172,,,No,,10.0,Site1,b_5_m,S1
S1_b5_10,S1|b_5_m|Site1|10.0,11672.9163913853,0.58333333,-7.40310345,,,No,,10.0,Site1,b_5_m,S1
S1_b5_10,S1|b_5_m|Site1|10.0,5829.5174877871,0.35416667,-6.59448276,,,No,,10.0,Site1,b_5_m,S1
S1_b5_10,S1|b_5_m|Site1|10.0,1466.6786524701,0.10416667,-4.66068966,,,No,,10.0,Site1,b_5_m,S1
S1_b5_100,S1|b_5_m|Site1|100.0,130777.233734897,0.625,-7.96965517,,,No,,100.0,Site1,b_5_m,S1
S1_b5_100,S1|b_5_m|Site1|100.0,21017.1920401526,0.14583333,-7.24517241,,,No,,100.0,Site1,b_5_m,S1
S1_b5_100,S1|b_5_m|Site1|100.0,58295.1748778713,0.35416667,-7.63068966,,,No,,100.0,Site1,b_5_m,S1
S1_b5_100,S1|b_5_m|Site1|100.0,49959.1265921881,0.3125,-7.61655172,,,No,,100.0,Site1,b_5_m,S1
S1_b5_100,S1|b_5_m|Site1|100.0,45978.7321330149,0.29166667,-7.60275862,,,No,,100.0,Site1,b_5_m,S1
S1_b5_100,S1|b_5_m|Site1|100.0,196440.763141876,0.77083333,-8.19655172,,,No,,100.0,Site1,b_5_m,S1
S1_b5_100,S1|b_5_m|Site1|100.0,174166.888767206,0.72916667,-8.17344828,,,No,,100.0,Site1,b_5_m,S1
S1_b5_100,S1|b_5_m|Site1|100.0,331320.891971733,0.91666667,-8.62275862,,,No,,100.0,Site1,b_5_m,S1
S1_b5_100,S1|b_5_m|Site1|100.0,516160.156121054,0.97916667,-8.66172414,,,No,,100.0,Site1,b_5_m,S1
S1_b5_100,S1|b_5_m|Site1|100.0,277258.872223978,0.875,-8.44103448,,,No,,100.0,Site1,b_5_m,S1
S1_b5_100,S1|b_5_m|Site1|100.0,138398.354325321,0.64583333,-8.00206897,,,No,,100.0,Site1,b_5_m,S1
S1_b5_100,S1|b_5_m|Site1|100.0,42113.7259796065,0.27083333,-7.58827586,,,No,,100.0,Site1,b_5_m,S1
S1_b5_100,S1|b_5_m|Site1|100.0,146481.639822415,0.66666667,-8.09344828,,,No,,100.0,Site1,b_5_m,S1
S1_b5_100,S1|b_5_m|Site1|100.0,62667.1505660981,0.375,-7.63103448,,,No,,100.0,Site1,b_5_m,S1
S1_b5_100,S1|b_5_m|Site1|100.0,98094.2384029626,0.52083333,-7.84724138,,,No,,100.0,Site1,b_5_m,S1
S1_b5_100,S1|b_5_m|Site1|100.0,8605.1361516762,0.0625,-6.9362069,,,No,,100.0,Site1,b_5_m,S1
S1_b5_100,S1|b_5_m|Site1|100.0,2807.1207724769,0.02083333,-6.62724138,,,No,,100.0,Site1,b_5_m,S1
S1_b5_100,S1|b_5_m|Site1|100.0,27685.2486370993,0.1875,-7.41827586,,,No,,100.0,Site1,b_5_m,S1
S1_b5_100,S1|b_5_m|Site1|100.0,54062.0137477552,0.33333333,-7.62,,,No,,100.0,Site1,b_5_m,S1
S1_b5_100,S1|b_5_m|Site1|100.0,123568.272021667,0.60416667,-7.96724138,,,No,,100.0,Site1,b_5_m,S1
S1_b5_100,S1|b_5_m|Site1|100.0,14666.7865247012,0.10416667,-7.09551724,,,No,,100.0,Site1,b_5_m,S1
S1_b5_100,S1|b_5_m|Site1|100.0,164285.822648541,0.70833333,-8.13068966,,,No,,100.0,Site1,b_5_m,S1
S1_b5_100,S1|b_5_m|Site1|100.0,104021.141976307,0.54166667,-7.8562069,,,No,,100.0,Site1,b_5_m,S1
S1_b5_100,S1|b_5_m|Site1|100.0,423740.500046393,0.95833333,-8.64206897,,,No,,100.0,Site1,b_5_m,S1
S1_b5_100,S1|b_5_m|Site1|100.0,,,,,,No,,100.0,Site1,b_5_m,S1
S1_b5_100,S1|b_5_m|Site1|100.0,256705.45129463,0.85416667,-8.39931034,,,No,,100.0,Site1,b_5_m,S1
S1_b5_100,S1|b_5_m|Site1|100.0,34704.4136783988,0.22916667,-7.58137931,,,No,,100.0,Site1,b_5_m,S1
S1_b5_100,S1|b_5_m|Site1|100.0,86976.692325292,0.47916667,-7.70448276,,,No,,100.0,Site1,b_5_m,S1
S1_b5_100,S1|b_5_m|Site1|100.0,71866.2008595964,0.41666667,-7.69206897,,,No,,100.0,Site1,b_5_m,S1
S1_b5_100,S1|b_5_m|Site1|100.0,92419.6240746594,0.5,-7.76896552,,,No,,100.0,Site1,b_5_m,S1
S1_b5_100,S1|b_5_m|Site1|100.0,31148.6462627972,0.20833333,-7.52551724,,,No,,100.0,Site1,b_5_m,S1
S1_b5_100,S1|b_5_m|Site1|100.0,11601.5164471022,0.08333333,-6.98551724,,,No,,100.0,Site1,b_5_m,S1
S1_b5_100,S1|b_5_m|Site1|100.0,17804.1856832697,0.125,-7.14034483,,,No,,100.0,Site1,b_5_m,S1
S1_b5_100,S1|b_5_m|Site1|100.0,67187.3567205568,0.39583333,-7.64551724,,,No,,100.0,Site1,b_5_m,S1
S1_b5_100,S1|b_5_m|Site1|100.0,116729.163913853,0.58333333,-7.9137931,,,No,,100.0,Site1,b_5_m,S1
S1_b5_100,S1|b_5_m|Site1|100.0,24309.541439194,0.16666667,-7.39310345,,,No,,100.0,Site1,b_5_m,S1
S1_b5_100,S1|b_5_m|Site1|100.0,184839.248149319,0.75,-8.18206897,,,No,,100.0,Site1,b_5_m,S1
S1_b5_100,S1|b_5_m|Site1|100.0,223196.857809556,0.8125,-8.23241379,,,No,,100.0,Site1,b_5_m,S1
S1_b5_100,S1|b_5_m|Site1|100.0,209148.791188513,0.79166667,-8.21827586,,,No,,100.0,Site1,b_5_m,S1
S1_b5_100,S1|b_5_m|Site1|100.0,369678.496298637,0.9375,-8.63689655,,,No,,100.0,Site1,b_5_m,S1
S1_b5_100,S1|b_5_m|Site1|100.0,238901.259897074,0.83333333,-8.2462069,,,No,,100.0,Site1,b_5_m,S1
S1_b5_100,S1|b_5_m|Site1|100.0,301568.408863172,0.89583333,-8.4937931,,,No,,100.0,Site1,b_5_m,S1
S1_b5_100,S1|b_5_m|Site1|100.0,155086.774640758,0.6875,-8.10137931,,,No,,100.0,Site1,b_5_m,S1
S1_b5_100,S1|b_5_m|Site1|100.0,81747.2622310084,0.45833333,-7.70448276,,,No,,100.0,Site1,b_5_m,S1
S1_b5_100,S1|b_5_m|Site1|100.0,76715.2193204749,0.4375,-7.69862069,,,No,,100.0,Site1,b_5_m,S1
S1_b5_100,S1|b_5_m|Site1|100.0,110223.809757929,0.5625,-7.88965517,,,No,,100.0,Site1,b_5_m,S1
S1_b5_100,S1|b_5_m|Site1|100.0,38357.6096602375,0.25,-7.58413793,,,No,,100.0,Site1,b_5_m,S1
S1_b5_100,S1|b_5_m|Site1|100.0,5674.6157196076,0.04166667,-6.79586207,,,No,,100.0,Site1,b_5_m,S1
S1_b5_1000,S1|b_5_m|Site1|1000.0,86051.3615167616,0.0625,-7.80586207,,,No,,1000.0,Site1,b_5_m,S1
S1_b5_1000,S1|b_5_m|Site1|1000.0,178041.856832697,0.125,-8.05862069,,,No,,1000.0,Site1,b_5_m,S1
S1_b5_1000,S1|b_5_m|Site1|1000.0,1102238.09757929,0.5625,-9.98172414,,,No,,1000.0,Site1,b_5_m,S1
S1_b5_1000,S1|b_5_m|Site1|1000.0,718662.008595964,0.41666667,-9.11034483,,,No,,1000.0,Site1,b_5_m,S1
S1_b5_1000,S1|b_5_m|Site1|1000.0,347044.136783988,0.22916667,-8.44448276,,,No,,1000.0,Site1,b_5_m,S1
S1_b5_1000,S1|b_5_m|Site1|1000.0,1848392.48149319,0.75,-10.85482759,,,No,,1000.0,Site1,b_5_m,S1
S1_b5_1000,S1|b_5_m|Site1|1000.0,210171.920401526,0.14583333,-8.25137931,,,No,,1000.0,Site1,b_5_m,S1
S1_b5_1000,S1|b_5_m|Site1|1000.0,2389012.59897074,0.83333333,-11.23,,,No,,1000.0,Site1,b_5_m,S1
S1_b5_1000,S1|b_5_m|Site1|1000.0,499591.265921881,0.3125,-8.73344828,,,No,,1000.0,Site1,b_5_m,S1
S1_b5_1000,S1|b_5_m|Site1|1000.0,582951.748778714,0.35416667,-8.82034483,,,No,,1000.0,Site1,b_5_m,S1
S1_b5_1000,S1|b_5_m|Site1|1000.0,2231968.57809556,0.8125,-11.12068966,,,No,,1000.0,Site1,b_5_m,S1
S1_b5_1000,S1|b_5_m|Site1|1000.0,1464816.39822415,0.66666667,-10.45896552,,,No,,1000.0,Site1,b_5_m,S1
S1_b5_1000,S1|b_5_m|Site1|1000.0,5161601.56121054,0.97916667,-12.39448276,,,No,,1000.0,Site1,b_5_m,S1
S1_b5_1000,S1|b_5_m|Site1|1000.0,276852.486370993,0.1875,-8.35586207,,,No,,1000.0,Site1,b_5_m,S1
S1_b5_1000,S1|b_5_m|Site1|1000.0,146667.865247012,0.10416667,-7.92655172,,,No,,1000.0,Site1,b_5_m,S1
S1_b5_1000,S1|b_5_m|Site1|1000.0,28071.2077247694,0.02083333,-6.86241379,,,No,,1000.0,Site1,b_5_m,S1
S1_b5_1000,S1|b_5_m|Site1|1000.0,243095.41439194,0.16666667,-8.26137931,,,No,,1000.0,Site1,b_5_m,S1
S1_b5_1000,S1|b_5_m|Site1|1000.0,4237405.00046393,0.95833333,-12.26793103,,,No,,1000.0,Site1,b_5_m,S1
S1_b5_1000,S1|b_5_m|Site1|1000.0,1550867.74640757,0.6875,-10.47172414,,,No,,1000.0,Site1,b_5_m,S1
S1_b5_1000,S1|b_5_m|Site1|1000.0,924196.240746594,0.5,-9.53172414,,,No,,1000.0,Site1,b_5_m,S1
S1_b5_1000,S1|b_5_m|Site1|1000.0,2567054.51294629,0.85416667,-11.36482759,,,No,,1000.0,Site1,b_5_m,S1
S1_b5_1000,S1|b_5_m|Site1|1000.0,3313208.91971734,0.91666667,-12.14517241,,,No,,1000.0,Site1,b_5_m,S1
S1_b5_1000,S1|b_5_m|Site1|1000.0,980942.384029626,0.52083333,-9.71448276,,,No,,1000.0,Site1,b_5_m,S1
S1_b5_1000,S1|b_5_m|Site1|1000.0,2091487.91188513,0.79166667,-11.00551724,,,No,,1000.0,Site1,b_5_m,S1
S1_b5_1000,S1|b_5_m|Site1|1000.0,1383983.54325321,0.64583333,-10.32241379,,,No,,1000.0,Site1,b_5_m,S1
S1_b5_1000,S1|b_5_m|Site1|1000.0,671873.567205567,0.39583333,-8.87655172,,,No,,1000.0,Site1,b_5_m,S1
S1_b5_1000,S1|b_5_m|Site1|1000.0,767152.193204749,0.4375,-9.13931034,,,No,,1000.0,Site1,b_5_m,S1
S1_b5_1000,S1|b_5_m|Site1|1000.0,1040211.41976307,0.54166667,-9.90241379,,,No,,1000.0,Site1,b_5_m,S1
S1_b5_1000,S1|b_5_m|Site1|1000.0,421137.259796065,0.27083333,-8.57068966,,,No,,1000.0,Site1,b_5_m,S1
S1_b5_1000,S1|b_5_m|Site1|1000.0,311486.462627972,0.20833333,-8.42206897,,,No,,1000.0,Site1,b_5_m,S1
S1_b5_1000,S1|b_5_m|Site1|1000.0,1235682.72021667,0.60416667,-10.07068966,,,No,,1000.0,Site1,b_5_m,S1
S1_b5_1000,S1|b_5_m|Site1|1000.0,459787.321330149,0.29166667,-8.59931034,,,No,,1000.0,Site1,b_5_m,S1
S1_b5_1000,S1|b_5_m|Site1|1000.0,383576.096602375,0.25,-8.56137931,,,No,,1000.0,Site1,b_5_m,S1
S1_b5_1000,S1|b_5_m|Site1|1000.0,869766.92325292,0.47916667,-9.42655172,,,No,,1000.0,Site1,b_5_m,S1
S1_b5_1000,S1|b_5_m|Site1|1000.0,3015684.08863172,0.89583333,-12.05793103,,,No,,1000.0,Site1,b_5_m,S1
S1_b5_1000,S1|b_5_m|Site1|1000.0,540620.137477553,0.33333333,-8.76689655,,,No,,1000.0,Site1,b_5_m,S1
S1_b5_1000,S1|b_5_m|Site1|1000.0,1741668.88767206,0.72916667,-10.81103448,,,No,,1000.0,Site1,b_5_m,S1
S1_b5_1000,S1|b_5_m|Site1|1000.0,1964407.63141875,0.77083333,-10.91034483,,,No,,1000.0,Site1,b_5_m,S1
S1_b5_1000,S1|b_5_m|Site1|1000.0,1642858.22648541,0.70833333,-10.77068966,,,No,,1000.0,Site1,b_5_m,S1
S1_b5_1000,S1|b_5_m|Site1|1000.0,,,,,,No,,1000.0,Site1,b_5_m,S1
S1_b5_1000,S1|b_5_m|Site1|1000.0,1307772.33734897,0.625,-10.31724138,,,No,,1000.0,Site1,b_5_m,S1
S1_b5_1000,S1|b_5_m|Site1|1000.0,56746.1571960757,0.04166667,-7.16241379,,,No,,1000.0,Site1,b_5_m,S1
S1_b5_1000,S1|b_5_m|Site1|1000.0,3696784.96298638,0.9375,-12.22517241,,,No,,1000.0,Site1,b_5_m,S1
S1_b5_1000,S1|b_5_m|Site1|1000.0,1167291.63913853,0.58333333,-9.9837931,,,No,,1000.0,Site1,b_5_m,S1
S1_b5_1000,S1|b_5_m|Site1|1000.0,2772588.72223978,0.875,-11.62482759,,,No,,1000.0,Site1,b_5_m,S1
S1_b5_1000,S1|b_5_m|Site1|1000.0,817472.622310084,0.45833333,-9.25586207,,,No,,1000.0,Site1,b_5_m,S1
S1_b5_1000,S1|b_5_m|Site1|1000.0,116015.164471022,0.08333333,-7.81,,,No,,1000.0,Site1,b_5_m,S1
S1_b5_1000,S1|b_5_m|Site1|1000.0,626671.505660981,0.375,-8.83827586,,,No,,1000.0,Site1,b_5_m,S1
S1_b5_10000,S1|b_5_m|Site1|10000.0,6718735.67205567,0.39583333,-13.15896552,,,No,,10000.0,Site1,b_5_m,S1
S1_b5_10000,S1|b_5_m|Site1|10000.0,7671521.93204749,0.4375,-13.49103448,,,No,,10000.0,Site1,b_5_m,S1
S1_b5_10000,S1|b_5_m|Site1|10000.0,860513.615167616,0.0625,-9.34517241,,,No,,10000.0,Site1,b_5_m,S1
S1_b5_10000,S1|b_5_m|Site1|10000.0,22319685.7809556,0.8125,-17.48862069,,,No,,10000.0,Site1,b_5_m,S1
S1_b5_10000,S1|b_5_m|Site1|10000.0,4211372.59796065,0.27083333,-12.77413793,,,No,,10000.0,Site1,b_5_m,S1
S1_b5_10000,S1|b_5_m|Site1|10000.0,8697669.2325292,0.47916667,-13.73724138,,,No,,10000.0,Site1,b_5_m,S1
S1_b5_10000,S1|b_5_m|Site1|10000.0,19644076.3141875,0.77083333,-16.03724138,,,No,,10000.0,Site1,b_5_m,S1
S1_b5_10000,S1|b_5_m|Site1|10000.0,9241962.40746594,0.5,-13.83172414,,,No,,10000.0,Site1,b_5_m,S1
S1_b5_10000,S1|b_5_m|Site1|10000.0,567461.571960757,0.04166667,-8.66931034,,,No,,10000.0,Site1,b_5_m,S1
S1_b5_10000,S1|b_5_m|Site1|10000.0,51616015.6121054,0.97916667,-20.70103448,,,No,,10000.0,Site1,b_5_m,S1
S1_b5_10000,S1|b_5_m|Site1|10000.0,,,,,,No,,10000.0,Site1,b_5_m,S1
S1_b5_10000,S1|b_5_m|Site1|10000.0,1160151.64471022,0.08333333,-9.83344828,,,No,,10000.0,Site1,b_5_m,S1
S1_b5_10000,S1|b_5_m|Site1|10000.0,9809423.84029626,0.52083333,-13.85931034,,,No,,10000.0,Site1,b_5_m,S1
S1_b5_10000,S1|b_5_m|Site1|10000.0,18483924.8149319,0.75,-15.62517241,,,No,,10000.0,Site1,b_5_m,S1
S1_b5_10000,S1|b_5_m|Site1|10000.0,2430954.14391939,0.16666667,-10.87344828,,,No,,10000.0,Site1,b_5_m,S1
S1_b5_10000,S1|b_5_m|Site1|10000.0,25670545.1294629,0.85416667,-18.96689655,,,No,,10000.0,Site1,b_5_m,S1
S1_b5_10000,S1|b_5_m|Site1|10000.0,1780418.56832697,0.125,-10.47965517,,,No,,10000.0,Site1,b_5_m,S1
S1_b5_10000,S1|b_5_m|Site1|10000.0,2101719.20401525,0.14583333,-10.85,,,No,,10000.0,Site1,b_5_m,S1
S1_b5_10000,S1|b_5_m|Site1|10000.0,3114864.62627972,0.20833333,-11.25931034,,,No,,10000.0,Site1,b_5_m,S1
S1_b5_10000,S1|b_5_m|Site1|10000.0,16428582.2648541,0.70833333,-15.21655172,,,No,,10000.0,Site1,b_5_m,S1
S1_b5_10000,S1|b_5_m|Site1|10000.0,42374050.0046393,0.95833333,-20.59724138,,,No,,10000.0,Site1,b_5_m,S1
S1_b5_10000,S1|b_5_m|Site1|10000.0,14648163.9822415,0.66666667,-14.90896552,,,No,,10000.0,Site1,b_5_m,S1
S1_b5_10000,S1|b_5_m|Site1|10000.0,13839835.4325321,0.64583333,-14.51965517,,,No,,10000.0,Site1,b_5_m,S1
S1_b5_10000,S1|b_5_m|Site1|10000.0,8174726.22310084,0.45833333,-13.68137931,,,No,,10000.0,Site1,b_5_m,S1
S1_b5_10000,S1|b_5_m|Site1|10000.0,7186620.08595964,0.41666667,-13.43793103,,,No,,10000.0,Site1,b_5_m,S1
S1_b5_10000,S1|b_5_m|Site1|10000.0,5406201.37477553,0.33333333,-12.96551724,,,No,,10000.0,Site1,b_5_m,S1
S1_b5_10000,S1|b_5_m|Site1|10000.0,4995912.65921881,0.3125,-12.82931034,,,No,,10000.0,Site1,b_5_m,S1
S1_b5_10000,S1|b_5_m|Site1|10000.0,3835760.96602375,0.25,-12.41241379,,,No,,10000.0,Site1,b_5_m,S1
S1_b5_10000,S1|b_5_m|Site1|10000.0,30156840.8863172,0.89583333,-19.72,,,No,,10000.0,Site1,b_5_m,S1
S1_b5_10000,S1|b_5_m|Site1|10000.0,20914879.1188513,0.79166667,-17.22586207,,,No,,10000.0,Site1,b_5_m,S1
S1_b5_10000,S1|b_5_m|Site1|10000.0,36967849.6298638,0.9375,-20.52689655,,,No,,10000.0,Site1,b_5_m,S1
S1_b5_10000,S1|b_5_m|Site1|10000.0,13077723.3734897,0.625,-14.41517241,,,No,,10000.0,Site1,b_5_m,S1
S1_b5_10000,S1|b_5_m|Site1|10000.0,27725887.2223978,0.875,-19.21344828,,,No,,10000.0,Site1,b_5_m,S1
S1_b5_10000,S1|b_5_m|Site1|10000.0,280712.077247694,0.02083333,-8.07137931,,,No,,10000.0,Site1,b_5_m,S1
S1_b5_10000,S1|b_5_m|Site1|10000.0,17416688.8767206,0.72916667,-15.28206897,,,No,,10000.0,Site1,b_5_m,S1
S1_b5_10000,S1|b_5_m|Site1|10000.0,6266715.05660981,0.375,-13.02448276,,,No,,10000.0,Site1,b_5_m,S1
S1_b5_10000,S1|b_5_m|Site1|10000.0,12356827.2021667,0.60416667,-14.20586207,,,No,,10000.0,Site1,b_5_m,S1
S1_b5_10000,S1|b_5_m|Site1|10000.0,11022380.9757929,0.5625,-14.14310345,,,No,,10000.0,Site1,b_5_m,S1
S1_b5_10000,S1|b_5_m|Site1|10000.0,10402114.1976307,0.54166667,-14.00413793,,,No,,10000.0,Site1,b_5_m,S1
S1_b5_10000,S1|b_5_m|Site1|10000.0,23890125.9897074,0.83333333,-18.83551724,,,No,,10000.0,Site1,b_5_m,S1
S1_b5_10000,S1|b_5_m|Site1|10000.0,15508677.4640757,0.6875,-15.17310345,,,No,,10000.0,Site1,b_5_m,S1
S1_b5_10000,S1|b_5_m|Site1|10000.0,11672916.3913853,0.58333333,-14.17034483,,,No,,10000.0,Site1,b_5_m,S1
S1_b5_10000,S1|b_5_m|Site1|10000.0,4597873.21330149,0.29166667,-12.81448276,,,No,,10000.0,Site1,b_5_m,S1
S1_b5_10000,S1|b_5_m|Site1|10000.0,2768524.86370993,0.1875,-11.06551724,,,No,,10000.0,Site1,b_5_m,S1
S1_b5_10000,S1|b_5_m|Site1|10000.0,33132089.1971734,0.91666667,-20.04310345,,,No,,10000.0,Site1,b_5_m,S1
S1_b5_10000,S1|b_5_m|Site1|10000.0,3470441.36783988,0.22916667,-11.93724138,,,No,,10000.0,Site1,b_5_m,S1
S1_b5_10000,S1|b_5_m|Site1|10000.0,5829517.48778713,0.35416667,-13.01103448,,,No,,10000.0,Site1,b_5_m,S1
S1_b5_10000,S1|b_5_m|Site1|10000.0,1466678.65247012,0.10416667,-10.36310345,,,No,,10000.0,Site1,b_5_m,S1
S1_b5_100000,S1|b_5_m|Site1|100000.0,110223809.757929,0.5625,-22.82206897,,,No,,100000.0,Site1,b_5_m,S1
S1_b5_100000,S1|b_5_m|Site1|100000.0,49959126.5921881,0.3125,-19.3362069,,,No,,100000.0,Site1,b_5_m,S1
S1_b5_100000,S1|b_5_m|Site1|100000.0,2807120.77247694,0.02083333,-7.51275862,,,No,,100000.0,Site1,b_5_m,S1
S1_b5_100000,S1|b_5_m|Site1|100000.0,86976692.325292,0.47916667,-22.31896552,,,No,,100000.0,Site1,b_5_m,S1
S1_b5_100000,S1|b_5_m|Site1|100000.0,196440763.141875,0.77083333,-24.74448276,,,No,,100000.0,Site1,b_5_m,S1
S1_b5_100000,S1|b_5_m|Site1|100000.0,423740500.046393,0.95833333,-25.88448276,,,No,,100000.0,Site1,b_5_m,S1
S1_b5_100000,S1|b_5_m|Site1|100000.0,98094238.4029626,0.52083333,-22.62793103,,,No,,100000.0,Site1,b_5_m,S1
S1_b5_100000,S1|b_5_m|Site1|100000.0,24309541.439194,0.16666667,-15.31241379,,,No,,100000.0,Site1,b_5_m,S1
S1_b5_100000,S1|b_5_m|Site1|100000.0,67187356.7205568,0.39583333,-21.45068966,,,No,,100000.0,Site1,b_5_m,S1
S1_b5_100000,S1|b_5_m|Site1|100000.0,516160156.121054,0.97916667,-26.34482759,,,No,,100000.0,Site1,b_5_m,S1
S1_b5_100000,S1|b_5_m|Site1|100000.0,21017192.0401526,0.14583333,-14.87827586,,,No,,100000.0,Site1,b_5_m,S1
S1_b5_100000,S1|b_5_m|Site1|100000.0,209148791.188513,0.79166667,-24.80517241,,,No,,100000.0,Site1,b_5_m,S1
S1_b5_100000,S1|b_5_m|Site1|100000.0,116729163.913853,0.58333333,-23.05965517,,,No,,100000.0,Site1,b_5_m,S1
S1_b5_100000,S1|b_5_m|Site1|100000.0,34704413.6783988,0.22916667,-16.33241379,,,No,,100000.0,Site1,b_5_m,S1
S1_b5_100000,S1|b_5_m|Site1|100000.0,17804185.6832697,0.125,-14.09103448,,,No,,100000.0,Site1,b_5_m,S1
S1_b5_100000,S1|b_5_m|Site1|100000.0,27685248.6370993,0.1875,-15.47172414,,,No,,100000.0,Site1,b_5_m,S1
S1_b5_100000,S1|b_5_m|Site1|100000.0,76715219.3204749,0.4375,-22.26344828,,,No,,100000.0,Site1,b_5_m,S1
S1_b5_100000,S1|b_5_m|Site1|100000.0,45978732.1330149,0.29166667,-19.32655172,,,No,,100000.0,Site1,b_5_m,S1
S1_b5_100000,S1|b_5_m|Site1|100000.0,104021141.976307,0.54166667,-22.75793103,,,No,,100000.0,Site1,b_5_m,S1
S1_b5_100000,S1|b_5_m|Site1|100000.0,138398354.325321,0.64583333,-24.09827586,,,No,,100000.0,Site1,b_5_m,S1
S1_b5_100000,S1|b_5_m|Site1|100000.0,164285822.648541,0.70833333,-24.38896552,,,No,,100000.0,Site1,b_5_m,S1
S1_b5_100000,S1|b_5_m|Site1|100000.0,331320891.971734,0.91666667,-25.51241379,,,No,,100000.0,Site1,b_5_m,S1
S1_b5_100000,S1|b_5_m|Site1|100000.0,130777233.734897,0.625,-24.04482759,,,No,,100000.0,Site1,b_5_m,S1
S1_b5_100000,S1|b_5_m|Site1|100000.0,8605136.15167616,0.0625,-11.46103448,,,No,,100000.0,Site1,b_5_m,S1
S1_b5_100000,S1|b_5_m|Site1|100000.0,184839248.149319,0.75,-24.74275862,,,No,,100000.0,Site1,b_5_m,S1
S1_b5_100000,S1|b_5_m|Site1|100000.0,369678496.298638,0.9375,-25.82344828,,,No,,100000.0,Site1,b_5_m,S1
S1_b5_100000,S1|b_5_m|Site1|100000.0,92419624.0746594,0.5,-22.57,,,No,,100000.0,Site1,b_5_m,S1
S1_b5_100000,S1|b_5_m|Site1|100000.0,238901259.897074,0.83333333,-24.96724138,,,No,,100000.0,Site1,b_5_m,S1
S1_b5_100000,S1|b_5_m|Site1|100000.0,54062013.7477553,0.33333333,-20.20034483,,,No,,100000.0,Site1,b_5_m,S1
S1_b5_100000,S1|b_5_m|Site1|100000.0,123568272.021667,0.60416667,-23.77344828,,,No,,100000.0,Site1,b_5_m,S1
S1_b5_100000,S1|b_5_m|Site1|100000.0,38357609.6602375,0.25,-17.41103448,,,No,,100000.0,Site1,b_5_m,S1
S1_b5_100000,S1|b_5_m|Site1|100000.0,62667150.5660981,0.375,-21.2962069,,,No,,100000.0,Site1,b_5_m,S1
S1_b5_100000,S1|b_5_m|Site1|100000.0,58295174.8778713,0.35416667,-21.16965517,,,No,,100000.0,Site1,b_5_m,S1
S1_b5_100000,S1|b_5_m|Site1|100000.0,42113725.9796065,0.27083333,-17.80241379,,,No,,100000.0,Site1,b_5_m,S1
S1_b5_100000,S1|b_5_m|Site1|100000.0,223196857.809556,0.8125,-24.91482759,,,No,,100000.0,Site1,b_5_m,S1
S1_b5_100000,S1|b_5_m|Site1|100000.0,146481639.822415,0.66666667,-24.15034483,,,No,,100000.0,Site1,b_5_m,S1
S1_b5_100000,S1|b_5_m|Site1|100000.0,277258872.223978,0.875,-25.03793103,,,No,,100000.0,Site1,b_5_m,S1
S1_b5_100000,S1|b_5_m|Site1|100000.0,256705451.294629,0.85416667,-25.00206897,,,No,,100000.0,Site1,b_5_m,S1
S1_b5_100000,S1|b_5_m|Site1|100000.0,301568408.863172,0.89583333,-25.38586207,,,No,,100000.0,Site1,b_5_m,S1
S1_b5_100000,S1|b_5_m|Site1|100000.0,174166888.767206,0.72916667,-24.49896552,,,No,,100000.0,Site1,b_5_m,S1
S1_b5_100000,S1|b_5_m|Site1|100000.0,155086774.640757,0.6875,-24.37931034,,,No,,100000.0,Site1,b_5_m,S1
S1_b5_100000,S1|b_5_m|Site1|100000.0,5674615.71960757,0.04166667,-10.83,,,No,,100000.0,Site1,b_5_m,S1
S1_b5_100000,S1|b_5_m|Site1|100000.0,,,,,,No,,100000.0,Site1,b_5_m,S1
S1_b5_100000,S1|b_5_m|Site1|100000.0,31148646.2627972,0.20833333,-15.68862069,,,No,,100000.0,Site1,b_5_m,S1
S1_b5_100000,S1|b_5_m|Site1|100000.0,81747262.2310084,0.45833333,-22.31448276,,,No,,100000.0,Site1,b_5_m,S1
S1_b5_100000,S1|b_5_m|Site1|100000.0,14666786.5247012,0.10416667,-12.81896552,,,No,,100000.0,Site1,b_5_m,S1
S1_b5_100000,S1|b_5_m|Site1|100000.0,11601516.4471022,0.08333333,-12.07862069,,,No,,100000.0,Site1,b_5_m,S1
S1_b5_100000,S1|b_5_m|Site1|100000.0,71866200.8595964,0.41666667,-21.46689655,,,No,,100000.0,Site1,b_5_m,S1
